[{"model": "admin.logentry", "pk": 1, "fields": {"action_time": "2021-04-23T16:01:31.824Z", "user": 1, "content_type": 7, "object_id": "1", "object_repr": "hire-hens.com", "action_flag": 2, "change_message": "[{\"changed\": {\"fields\": [\"Domain name\", \"Display name\"]}}]"}}, {"model": "admin.logentry", "pk": 2, "fields": {"action_time": "2021-04-23T17:53:06.493Z", "user": 1, "content_type": 8, "object_id": "1", "object_repr": "carina.palmqvist@telia.com", "action_flag": 1, "change_message": "[{\"added\": {}}]"}}, {"model": "admin.logentry", "pk": 3, "fields": {"action_time": "2021-05-02T11:16:03.279Z", "user": 1, "content_type": 13, "object_id": "1", "object_repr": "Faq object (1)", "action_flag": 1, "change_message": "[{\"added\": {}}]"}}, {"model": "admin.logentry", "pk": 4, "fields": {"action_time": "2021-05-02T11:16:13.951Z", "user": 1, "content_type": 13, "object_id": "2", "object_repr": "Faq object (2)", "action_flag": 1, "change_message": "[{\"added\": {}}]"}}, {"model": "admin.logentry", "pk": 5, "fields": {"action_time": "2021-05-04T04:54:28.795Z", "user": 1, "content_type": 13, "object_id": "3", "object_repr": "Faq object (3)", "action_flag": 1, "change_message": "[{\"added\": {}}]"}}, {"model": "admin.logentry", "pk": 6, "fields": {"action_time": "2021-05-08T12:14:23.204Z", "user": 1, "content_type": 15, "object_id": "1", "object_repr": "Hens", "action_flag": 1, "change_message": "[{\"added\": {}}]"}}, {"model": "admin.logentry", "pk": 7, "fields": {"action_time": "2021-05-08T12:14:32.085Z", "user": 1, "content_type": 15, "object_id": "2", "object_repr": "Coops", "action_flag": 1, "change_message": "[{\"added\": {}}]"}}, {"model": "admin.logentry", "pk": 8, "fields": {"action_time": "2021-05-08T12:14:41.283Z", "user": 1, "content_type": 15, "object_id": "3", "object_repr": "Equipment", "action_flag": 1, "change_message": "[{\"added\": {}}]"}}, {"model": "admin.logentry", "pk": 9, "fields": {"action_time": "2021-05-08T12:14:57.198Z", "user": 1, "content_type": 15, "object_id": "4", "object_repr": "Consumables", "action_flag": 1, "change_message": "[{\"added\": {}}]"}}, {"model": "admin.logentry", "pk": 10, "fields": {"action_time": "2021-05-08T12:23:30.167Z", "user": 1, "content_type": 14, "object_id": "1", "object_repr": "Bantam", "action_flag": 1, "change_message": "[{\"added\": {}}]"}}, {"model": "admin.logentry", "pk": 11, "fields": {"action_time": "2021-05-08T12:27:26.507Z", "user": 1, "content_type": 14, "object_id": "2", "object_repr": "Guinea fowl", "action_flag": 1, "change_message": "[{\"added\": {}}]"}}, {"model": "admin.logentry", "pk": 12, "fields": {"action_time": "2021-05-08T12:29:29.959Z", "user": 1, "content_type": 14, "object_id": "3", "object_repr": "Brahma", "action_flag": 1, "change_message": "[{\"added\": {}}]"}}, {"model": "admin.logentry", "pk": 13, "fields": {"action_time": "2021-05-08T12:31:39.702Z", "user": 1, "content_type": 14, "object_id": "4", "object_repr": "Lohman", "action_flag": 1, "change_message": "[{\"added\": {}}]"}}, {"model": "admin.logentry", "pk": 14, "fields": {"action_time": "2021-05-08T12:35:46.479Z", "user": 1, "content_type": 14, "object_id": "5", "object_repr": "Coop for 2", "action_flag": 1, "change_message": "[{\"added\": {}}]"}}, {"model": "admin.logentry", "pk": 15, "fields": {"action_time": "2021-05-08T12:36:31.728Z", "user": 1, "content_type": 14, "object_id": "6", "object_repr": "Coop for 10 hens", "action_flag": 1, "change_message": "[{\"added\": {}}]"}}, {"model": "admin.logentry", "pk": 16, "fields": {"action_time": "2021-05-08T12:37:14.560Z", "user": 1, "content_type": 14, "object_id": "7", "object_repr": "Coop for 20 hens", "action_flag": 1, "change_message": "[{\"added\": {}}]"}}, {"model": "admin.logentry", "pk": 17, "fields": {"action_time": "2021-05-08T12:42:34.830Z", "user": 1, "content_type": 14, "object_id": "8", "object_repr": "Feeder", "action_flag": 1, "change_message": "[{\"added\": {}}]"}}, {"model": "admin.logentry", "pk": 18, "fields": {"action_time": "2021-05-08T12:43:32.011Z", "user": 1, "content_type": 14, "object_id": "9", "object_repr": "Waterer", "action_flag": 1, "change_message": "[{\"added\": {}}]"}}, {"model": "admin.logentry", "pk": 19, "fields": {"action_time": "2021-05-08T12:45:47.043Z", "user": 1, "content_type": 14, "object_id": "10", "object_repr": "Food", "action_flag": 1, "change_message": "[{\"added\": {}}]"}}, {"model": "admin.logentry", "pk": 20, "fields": {"action_time": "2021-05-08T12:49:17.340Z", "user": 1, "content_type": 14, "object_id": "11", "object_repr": "Bedding", "action_flag": 1, "change_message": "[{\"added\": {}}]"}}, {"model": "admin.logentry", "pk": 21, "fields": {"action_time": "2021-05-09T12:01:34.634Z", "user": 1, "content_type": 14, "object_id": "4", "object_repr": "Lohman", "action_flag": 2, "change_message": "[{\"changed\": {\"fields\": [\"Image\"]}}]"}}, {"model": "admin.logentry", "pk": 22, "fields": {"action_time": "2021-05-09T12:08:25.947Z", "user": 1, "content_type": 14, "object_id": "4", "object_repr": "Lohman", "action_flag": 2, "change_message": "[{\"changed\": {\"fields\": [\"Image\"]}}]"}}, {"model": "admin.logentry", "pk": 23, "fields": {"action_time": "2021-05-09T12:15:47.835Z", "user": 1, "content_type": 14, "object_id": "8", "object_repr": "Feeder", "action_flag": 2, "change_message": "[{\"changed\": {\"fields\": [\"Image\"]}}]"}}, {"model": "admin.logentry", "pk": 24, "fields": {"action_time": "2021-05-09T12:15:59.848Z", "user": 1, "content_type": 14, "object_id": "9", "object_repr": "Waterer", "action_flag": 2, "change_message": "[{\"changed\": {\"fields\": [\"Image\"]}}]"}}, {"model": "admin.logentry", "pk": 25, "fields": {"action_time": "2021-05-09T12:43:49.291Z", "user": 1, "content_type": 14, "object_id": "6", "object_repr": "Coop for 10 hens", "action_flag": 2, "change_message": "[{\"changed\": {\"fields\": [\"Image\"]}}]"}}, {"model": "admin.logentry", "pk": 26, "fields": {"action_time": "2021-05-10T06:02:04.390Z", "user": 1, "content_type": 14, "object_id": "7", "object_repr": "Coop for 20 hens", "action_flag": 2, "change_message": "[{\"changed\": {\"fields\": [\"Image\"]}}]"}}, {"model": "admin.logentry", "pk": 27, "fields": {"action_time": "2021-05-10T06:03:06.529Z", "user": 1, "content_type": 14, "object_id": "6", "object_repr": "Coop for 10 hens", "action_flag": 2, "change_message": "[{\"changed\": {\"fields\": [\"Image\"]}}]"}}, {"model": "admin.logentry", "pk": 28, "fields": {"action_time": "2021-05-16T08:13:41.548Z", "user": 1, "content_type": 4, "object_id": "3", "object_repr": "Anna", "action_flag": 2, "change_message": "[{\"changed\": {\"fields\": [\"First name\", \"Last name\"]}}]"}}, {"model": "admin.logentry", "pk": 29, "fields": {"action_time": "2021-05-16T11:53:40.296Z", "user": 1, "content_type": 14, "object_id": "13", "object_repr": "Guinea fowl", "action_flag": 3, "change_message": ""}}, {"model": "admin.logentry", "pk": 30, "fields": {"action_time": "2021-05-18T16:11:10.783Z", "user": 1, "content_type": 14, "object_id": "6", "object_repr": "Coop for 10 hens", "action_flag": 2, "change_message": "[{\"changed\": {\"fields\": [\"Image\"]}}]"}}, {"model": "admin.logentry", "pk": 31, "fields": {"action_time": "2021-05-18T16:11:24.439Z", "user": 1, "content_type": 14, "object_id": "6", "object_repr": "Coop for 10 hens", "action_flag": 2, "change_message": "[{\"changed\": {\"fields\": [\"Image\"]}}]"}}, {"model": "auth.user", "pk": 1, "fields": {"password": "pbkdf2_sha256$260000$QlaCRYr70tfLzHFV14dZzq$ttEMDSJxulDK4th4+ihygTqfULVd/N4pPdaFznK+5Fk=", "last_login": "2021-05-26T15:20:46.848Z", "is_superuser": true, "username": "carina", "first_name": "", "last_name": "", "email": "carina.palmqvist@telia.com", "is_staff": true, "is_active": true, "date_joined": "2021-04-15T17:23:58.336Z", "groups": [], "user_permissions": []}}, {"model": "auth.user", "pk": 2, "fields": {"password": "pbkdf2_sha256$260000$HxhCnXBQ8JI4NGdUugGKCW$WEYy9Z18zMywCtD7VOx2Z7A67miDClkAOsb0nQ04Z1M=", "last_login": null, "is_superuser": true, "username": "admin", "first_name": "", "last_name": "", "email": "carina.palmqvist@telia.com", "is_staff": true, "is_active": true, "date_joined": "2021-05-13T18:21:13.630Z", "groups": [], "user_permissions": []}}, {"model": "auth.user", "pk": 3, "fields": {"password": "pbkdf2_sha256$260000$442kkQ84wDLEmo5mZ2qgsV$uNSChG7MKKcX2Fq1SsC6wnpEfHUeiZjor6PWDIMLnf4=", "last_login": "2021-05-18T17:23:28.454Z", "is_superuser": false, "username": "Anna", "first_name": "Anna", "last_name": "Panna", "email": "anna@gmail.com", "is_staff": false, "is_active": true, "date_joined": "2021-05-15T14:53:10Z", "groups": [], "user_permissions": []}}, {"model": "sessions.session", "pk": "4kcdjrb9otshp4c6mfpfzvn67ble1bod", "fields": {"session_data": ".eJxVjsEOwiAQRP-Fc9MAbaX06N1vICy7a1EDprRGY_x3relBr_PeTOYpnF_m0S2FJhdRDEKJ6jcDH86UVoAnn465DjnNU4R6VeqNlvqQkS77zf0bGH0ZP22DegfAWnLoQo_ou6Zly6pHZbS2wTIyGVCNssCNhBD6tgOpDVpoFX5fFSol5uTofo3TQwyyEsXfyMXEWQzsL4Veb3DjRj0:1llvNb:27MOpN-ToBolLfhHYl_4rAFe173FPpM4cIobTKPT8EU", "expire_date": "2021-06-09T15:23:31.540Z"}}, {"model": "sessions.session", "pk": "4q4r6f4sk1jfdhzgea0h5u6qnmns3uwj", "fields": {"session_data": ".eJxljMEOwiAQBf-Fc9PgCoX26N1vIAtsLYpgSms0xn_XmsbEeJ2Z9x4MnctzmsyVxtAH8obOGCLr0hxj9bVzoZF1bMsqZnCehg8wwf8zi-5EaRH-iOmQa5fTNAZbL0m92lLvs6e4W9ufgwHL8F6jEpZLELz1uvUECFxLB2hBSwm6Fw1Y2mw1OAHYOoXKcyUkWWGF4LJZTguVEnIydLuE8c46_nwBUmtP1g:1lhvh3:ucC83MNqyYRCKs0kSQUKZ7kXOAEBUJ8hD4vgQ5bzwr0", "expire_date": "2021-05-29T14:55:05.293Z"}}, {"model": "sessions.session", "pk": "5mv9n677niqtottm2xu2hwsygvm1gnd0", "fields": {"session_data": ".eJxVjs1uwyAQhN9lz8hisR0bjrn3GRDLQu384AocqVXkdw9OfWgvO9J-M6N5gnWPdbKPErKdGQwgiL8_cv4a0g744tLn0vglrXmmZrc0By3Nx8Lhdj68_womV6aaHlidiKKS0fd-ZHZ920UdcWQclNJeR45hIGxRU2wleT92PUk1sKYO-b2qhFLmJdnw_TXnHzBSgHd5tTmk1d3APEEdBys6VREwglECNJhu2wTc6_ip1DkKfrO7HxFMKwBllW17AQhCVUo:1lktG5:b9KiKjxozwFwfU8e-XN_K73GmynW6CG3kqU6UGncdd8", "expire_date": "2021-06-06T18:55:29.515Z"}}, {"model": "sessions.session", "pk": "6ejohsnf79slu4wtdv6s0yq53ltbacdo", "fields": {"session_data": ".eJxVjssOgyAQRf-FtSGCWoVl9_0GwjBQ6AMa0KSN8d-rxkW7mcU9597MTIzOo8o2jvpB5EzYdgSRbFkq8kxx9IXINa12cTfYRiui9DR6NRWbVcDD-clAm7uNG8CbjtdEzTqWA9BNoQct9JLQPs6H-zfgdfFru0d-AnC8dqYzA6LumtYJxwZkPefCCIfO9sAaJsA1NRgztB3UvEcBLcP9q2JLCSkq-36F_CGyXr5dGVCj:1ll1bU:oWDm4YuGBto1JuLcjtDeNbchjlkqSKLtaJK-r4S1MCs", "expire_date": "2021-06-07T03:50:08.373Z"}}, {"model": "sessions.session", "pk": "6laurjr6aia149hlie4irpe44fsq4n6h", "fields": {"session_data": ".eJxVjsEOwiAQRP-FsyFAWyk9evcbCLvLWtSAKW2iMf671vSg13lvJvMUPizz6JcaJ59IDEKL3W8GAS8xr4DOIZ-KxJLnKYFcFbnRKo-F4vWwuX8DY6jjp23J7AHYKMYOe6LQNS071j1pa4xDx8TRgm60A24UIPZtB8pYctBq-r6qsdZUso_3W5oeYlCvN7v9P84:1lk7f4:4KwQgf53xXtewBuo7vamrtKjzX7fPVOom7t7zEZnfi4", "expire_date": "2021-06-04T16:06:06.631Z"}}, {"model": "sessions.session", "pk": "6rnnkro37n8r839u4glc3s0km9wnt4rm", "fields": {"session_data": ".eJxVjsEOwiAQRP-FsyFAWyk9evcbCLvLWtSAKW2iMf671vSg13lvJvMUPizz6JcaJ59IDEKL3W8GAS8xr4DOIZ-KxJLnKYFcFbnRKo-F4vWwuX8DY6jjp23J7AHYKMYOe6LQNS071j1pa4xDx8TRgm60A24UIPZtB8pYctBq-r6qsdZUso_3W5oeYlCvN7v9P84:1lhHtb:MxT3tdmpRfIJb94QlV7IAmaeI-QdHAB7Vq_LssvtIV0", "expire_date": "2021-05-27T20:25:23.905Z"}}, {"model": "sessions.session", "pk": "6wy0ch7aki2ybapbqo7vmyxr3108kmyd", "fields": {"session_data": ".eJxVjsEOwiAQRP-FsyFAWyk9evcbCLvLWtSAKW2iMf671vSg13lvJvMUPizz6JcaJ59IDEKL3W8GAS8xr4DOIZ-KxJLnKYFcFbnRKo-F4vWwuX8DY6jjp23J7AHYKMYOe6LQNS071j1pa4xDx8TRgm60A24UIPZtB8pYctBq-r6qsdZUso_3W5oeYlCvN7v9P84:1lfHs6:VoGCvpGhnijv-7SChP3N0vnOmyV6s_jYzA88cTeY1Bg", "expire_date": "2021-05-22T07:59:34.149Z"}}, {"model": "sessions.session", "pk": "70pky12beq9t2b9win4xuwmu34h5jxmy", "fields": {"session_data": ".eJxVjsEOgjAQRP9lz4TQAkJ79O43NN1uKygppoVEQ_rvWuWAt9l5s5PZQOl1GdQabVAjgQQGxdFDbe7WZ0A37a9zaWa_hBHLHCl3GsvLTHY679m_gkHH4fPdET8hOl4505qeSLd144RjPbGOc2GEI2c7ZDUT6OoKjembFivekcCG0XdVtDGOs1f2-RjDC2RVgNFhAblBDZKl36mC9YuesssOiGfdg-QppTcpRk9y:1lglH7:3zMsXLZYmAh3JfM00Hj2W7yQT8fPDYF_Nl6ntow_vk4", "expire_date": "2021-05-26T09:35:29.433Z"}}, {"model": "sessions.session", "pk": "9qhwp0lvvf3zj1fe1hw0p3sre0ge3qiz", "fields": {"session_data": "e30:1lhvbf:pw0POdZBPKF8_YAeoxRhrS0zSlP9yPtRAa8WypwOTxw", "expire_date": "2021-05-29T14:49:31.646Z"}}, {"model": "sessions.session", "pk": "a5dfg6m0vpdxz8lcfuifcti0ypcd44xk", "fields": {"session_data": ".eJxVjkEOgyAQRe_C2hABFXHZfc9AmBmotgYTxJXx7i2tTdrNJPPfm8nfmXVbHu22-mQnYgMTrPrNwOHDxwLo7uJt4bjEnCbgReEnXfl1IT9fTvfvwejW8XWtSXYAQdYBW-yJXKuaYILoSWgpDZpAwWsQShgIqgbEvmmhlpoMNIJKK3Qps2Fnkg3i-Kw2-ZjdXFL1RRXr3tMU7Tie3jVHng:1ljaRE:TVZm6a2ZzgO80ZK11E1QvkeyhdDNzwJkTGrK0NV0PGA", "expire_date": "2021-06-03T04:37:36.376Z"}}, {"model": "sessions.session", "pk": "avjvbqtde4iedbqa7a9hb9yf450dol8w", "fields": {"session_data": ".eJxVjsEOwiAQRP-Fc9MAbaX06N1vICy7a1EDprRGY_x3relBr_PeTOYpnF_m0S2FJhdRDEKJ6jcDH86UVoAnn465DjnNU4R6VeqNlvqQkS77zf0bGH0ZP22DegfAWnLoQo_ou6Zly6pHZbS2wTIyGVCNssCNhBD6tgOpDVpoFX5fFSol5uTofo3TQwyyEsXfyMXEWQzsL4Veb3DjRj0:1llbJn:AhgiFyO04hY8n_-mXtOZ_KnSMm-AYY05XKF5wUhe3hU", "expire_date": "2021-06-08T17:58:15.884Z"}}, {"model": "sessions.session", "pk": "c13ro72xkas7yw3j3zjd9vl828sx5cp9", "fields": {"session_data": ".eJxVjsEOgjAQRP9lz4TQAkJ79O43NN1uV6qmNRSMhvDviuGg13lvJrOAsfM0mDn70QQCDQKK3wytu_q4AbrYeE6lS3EaA5abUu40l6dE_nbc3b-Bwebh0-5IHhBZVuxa1xPZtm5YsehJdFIqp5jYdyhqoZDrCp3rmxYr2ZHCRtD3VfY5hxSNf97D-AJdFZDtw5sQOYFme8u-AGfHCfQCErRY1zetN0pq:1liIyZ:w0ptL_XthuTYTxeOIv8x9i1n2AVI122yhyLo6oIAPPU", "expire_date": "2021-05-30T15:46:43.930Z"}}, {"model": "sessions.session", "pk": "cmogut4rfj0kysd857zr6ouvl4k94ke5", "fields": {"session_data": ".eJxVjEEOwiAQRe_C2hAGqBSX7nuGhplhbNVAUtqV8e7apAvd_vfef6kxbes0bi0v48zqokCdfjdM9MhlB3xP5VY11bIuM-pd0Qdteqicn9fD_TuYUpu-dWB7RhRrhDrqmVPnvESBniFYGykKSw4IDiKKM0jU-w6NDRzRA4N6fwAGYjiR:1lfz0U:Vo8d-pN_qodZEdBZZ1MX8WmzxPGcCspEtkhk9FBrqAU", "expire_date": "2021-05-24T06:03:06.713Z"}}, {"model": "sessions.session", "pk": "ex2new48rlem5m0or7xfkueeeuwjevud", "fields": {"session_data": ".eJxVjsEOwiAQRP-FsyFAWyk9evcbCLvLWtSAKW2iMf671vSg13lvJvMUPizz6JcaJ59IDEKL3W8GAS8xr4DOIZ-KxJLnKYFcFbnRKo-F4vWwuX8DY6jjp23J7AHYKMYOe6LQNS071j1pa4xDx8TRgm60A24UIPZtB8pYctBq-r6qsdZUso_3W5oeYlCvN7v9P84:1ldyU3:REjr63XPE5pKhDXYswqFXU2fQKNgqfnb_-eSt8hPT9U", "expire_date": "2021-05-18T17:05:19.153Z"}}, {"model": "sessions.session", "pk": "hj5j5y5tcg8cermragwty8c1ntqi4dox", "fields": {"session_data": ".eJxVjsEOwiAQRP-FsyFAWyk9evcbCLvLWtSAKW2iMf671vSg13lvJvMUPizz6JcaJ59IDEKL3W8GAS8xr4DOIZ-KxJLnKYFcFbnRKo-F4vWwuX8DY6jjp23J7AHYKMYOe6LQNS071j1pa4xDx8TRgm60A24UIPZtB8pYctBq-r6qsdZUso_3W5oeYlCvN7v9P84:1lklE3:ii25t7zowwucK2H-2b9ypzHI9o2mI99CW4LcIMFne6E", "expire_date": "2021-06-06T10:20:51.391Z"}}, {"model": "sessions.session", "pk": "idaftg8cko9vbfgk6dcnd07t6zf3ovvc", "fields": {"session_data": ".eJxVjsEOwiAQRP-FsyFAWyk9evcbCLvLWtSAKW2iMf671vSg13lvJvMUPizz6JcaJ59IDEKL3W8GAS8xr4DOIZ-KxJLnKYFcFbnRKo-F4vWwuX8DY6jjp23J7AHYKMYOe6LQNS071j1pa4xDx8TRgm60A24UIPZtB8pYctBq-r6qsdZUso_3W5oeYlCvN7v9P84:1lkOd6:-l1UunKvPa1vTNK5PcFWgDOkbeaWc-6SX3T2Goq-Oqs", "expire_date": "2021-06-05T10:13:12.368Z"}}, {"model": "sessions.session", "pk": "ipi45cbk29z84f2y0m7wtd4tkbols4m7", "fields": {"session_data": ".eJxVjsEOwiAQRP-FsyFAWyk9evcbCLvLWtSAKW2iMf671vSg13lvJvMUPizz6JcaJ59IDEKL3W8GAS8xr4DOIZ-KxJLnKYFcFbnRKo-F4vWwuX8DY6jjp23J7AHYKMYOe6LQNS071j1pa4xDx8TRgm60A24UIPZtB8pYctBq-r6qsdZUso_3W5oeYlCvN7v9P84:1leA8w:VrijOna1Caq8BB2RT-JqHgSk5mv7Yib7H8pQ7SsE4tQ", "expire_date": "2021-05-19T05:32:18.699Z"}}, {"model": "sessions.session", "pk": "iqv96kqmzbruo7zrcsre540oacqdz0gn", "fields": {"session_data": ".eJxVjkEOwiAURO_y1w0B2kph6d4zED4fLGqogTbRNL271rjQ7bw3k1nBumUe7VJDsYnAgIDmN0PnryHvgC4unyfmpzyXhGxX2JdWdpoo3I5f929gdHV8txXJA2KUPPreD0Sub7uooxhIKCm115FiUChaoTG2HL0fuh65VKSxE_R5VUOtaco2PO6pPMHwBrwrM5gVJBixbS-X0EP7:1lkjzK:CfIsb_mZdUr01_-4SXljBslgQ6NT8MaovMEvjFXQuhA", "expire_date": "2021-06-06T09:01:34.926Z"}}, {"model": "sessions.session", "pk": "ist39sobrp9w7tyehx0o2s8kd0ti6lkn", "fields": {"session_data": ".eJxVjkEOwiAURO_CuiH0F1rK0r1nIB_4WtSAgTbRNN7dNulCt_NmXmZlFpd5skulYmNghnWs-c0c-julHYQbpmvmPqe5RMf3Cj9o5ecc6HE6un-CCeu0rXGQTiiQYgx6DAQIQisP6EArBfoie3DUdhq8BBz9gEMQg1TkpJNSqH6XVqo15mTp9YzlzYxomMcyM7Nur037-XwBI4VCcg:1lhx42:HgJjkaSpRC_7G8YHzdt_C9vwExy3oXCeJrv3X_tBDXM", "expire_date": "2021-05-29T16:22:54.212Z"}}, {"model": "sessions.session", "pk": "itws8uspuk1rbjccic5ix9xm2yvg21bd", "fields": {"session_data": ".eJxVjsEOwiAQRP-FsyFAWyk9evcbCLvLWtSAKW2iMf671vSg13lvJvMUPizz6JcaJ59IDEKL3W8GAS8xr4DOIZ-KxJLnKYFcFbnRKo-F4vWwuX8DY6jjp23J7AHYKMYOe6LQNS071j1pa4xDx8TRgm60A24UIPZtB8pYctBq-r6qsdZUso_3W5oeYlCvN7v9P84:1ldmyh:o2n-ydnZYDxqnYx-gG1LC7rOx3Erge8G7j91I2clYNY", "expire_date": "2021-05-18T04:48:11.841Z"}}, {"model": "sessions.session", "pk": "kth3rnb92m4rbrres27ylr5lglwesgrq", "fields": {"session_data": ".eJxljjsOgzAQRO-yNUL-QMAu0-cMltdrB_IxkQ1SIsTdA4gmSrPFezOjncHZNIKeQYCWBXAGWizFTk3ycbSPTcrtcNBqWd1ziGOXQa-gAGOnsTNT9sn09M_QuruPm6CbjdehdGs59VhukfKwubwM5B_nI_sz0Nncre2GxAkxCBZc7VoiW8sqqMBb4o0QyqlAwTfIJVcYJEPn2qpGJhpSWHHav8o-536Ixr9fffqAZssXXWlRtA:1llQm0:seKwQI5w6hoNq8U5_ceiFdlOMd4pbinyBszH-tKvbFc", "expire_date": "2021-06-08T06:42:40.885Z"}}, {"model": "sessions.session", "pk": "l202h2fcgose1hmhwpozebyfq7bil8k4", "fields": {"session_data": ".eJxVjk0OgyAQhe8ya0MAtQjL7nsGwjCgtI0a0aSN8e7VxkW7fd_7W8G6Ze7sksNkE4EBAcWvhs4_Qn8Auru-HZgf-nlKyA4LO2lmt4HC83p6_wo6l7s9rUheEKPk0de-IXJ1WUUdRUNCSam9jhSDQlEKjbHk6H1T1cilIo2VoO-rHHJOQ2_Da0zTGwwvYNwnXRvArCDBiG37AGlQRR0:1lj3ro:sW8LJaRjX8rmS5EcWv6qdsHZ5ZM348zwUnKw1wqasQo", "expire_date": "2021-06-01T17:50:52.085Z"}}, {"model": "sessions.session", "pk": "lv2khnur3f1qousjc3meclk5m5w9xcbf", "fields": {"session_data": "e30:1lhvSo:vbK5cmiX25KYlcwQ8QJ7wXsdBu68o3lQBhD3ggIJNyo", "expire_date": "2021-05-29T14:40:22.813Z"}}, {"model": "sessions.session", "pk": "noe1xagv3omgiu6rzqezt96xu0koqyd2", "fields": {"session_data": ".eJxVjsEOwiAQRP-FsyFAWyk9evcbCLvLWtSAKW2iMf671vSg13lvJvMUPizz6JcaJ59IDEKL3W8GAS8xr4DOIZ-KxJLnKYFcFbnRKo-F4vWwuX8DY6jjp23J7AHYKMYOe6LQNS071j1pa4xDx8TRgm60A24UIPZtB8pYctBq-r6qsdZUso_3W5oeYlCvN7v9P84:1lf5WF:i_swYr35r-7FlfyWKvAC_YusFPPFdi8qtGqGmxRq67s", "expire_date": "2021-05-21T18:48:11.859Z"}}, {"model": "sessions.session", "pk": "pukr1ioy8chc4z2v8khjm7mnlsf8deui", "fields": {"session_data": ".eJxVjsEOwiAQRP-FsyFAWyk9evcbCLvLWtSAKW2iMf671vSg13lvJvMUPizz6JcaJ59IDEKL3W8GAS8xr4DOIZ-KxJLnKYFcFbnRKo-F4vWwuX8DY6jjp23J7AHYKMYOe6LQNS071j1pa4xDx8TRgm60A24UIPZtB8pYctBq-r6qsdZUso_3W5oeYlCvN7v9P84:1lf38Q:QVpJk8nUPvPtY-MkBMQ3HUZfDv78gj3GVxJX9amQa0U", "expire_date": "2021-05-21T16:15:26.230Z"}}, {"model": "sessions.session", "pk": "q12nc44os31jwasjhagtkk7g5wtnbxm3", "fields": {"session_data": ".eJxVjsEOwiAQRP-FsyFAWyk9evcbCLvLWtSAKW2iMf671vSg13lvJvMUPizz6JcaJ59IDEKL3W8GAS8xr4DOIZ-KxJLnKYFcFbnRKo-F4vWwuX8DY6jjp23J7AHYKMYOe6LQNS071j1pa4xDx8TRgm60A24UIPZtB8pYctBq-r6qsdZUso_3W5oeYlCvN7v9P84:1lkXmR:4lXKGBqOPuyFzOE2Wvug8dx_pkcIS4ujcvZbcg5-Ptw", "expire_date": "2021-06-05T19:59:27.692Z"}}, {"model": "sessions.session", "pk": "qeosuz2zzekbzy78htwl59l7dmzcgva6", "fields": {"session_data": ".eJxVjEEOgjAQRe_SNSF1aGlh6d4zNNN2kCppDQNGY7y7krDQ7X_vv5dwuC6jW5lml6LoRSOq381juFLeQLxgPpc6lLzMydebUu-U61OJNB139y8wIo_fNxrlpQYlu2i7SIAgrQ6AHqzWYAfVgqdDYyEowC4YNFEapckrr5TU7RZlYk4lO3rc0vwUvawE451cykMR_YAT0_sD9-VEsw:1liCv7:j2Vo3qgdTZexKwFJz64hict4ThpoeQ4zeNimc2tkK9U", "expire_date": "2021-05-30T09:18:45.930Z"}}, {"model": "sessions.session", "pk": "qk97ax604fn0s73vqhsqa194xwvfpm68", "fields": {"session_data": "e30:1lhvP5:GTAeWjP6PciOI72oIyrLhprg1lYhm47rn1aRKdx110I", "expire_date": "2021-05-29T14:36:31.707Z"}}, {"model": "sessions.session", "pk": "s5sorqnmt0jlaij0sdawn7zlupmk0fwo", "fields": {"session_data": "eyJjYXJ0Ijp7IjIiOjMsIjkiOjYsIjExIjoxLCIzIjoyLCIxIjoyLCI2IjoxNn19:1lgL9g:Srnut7hsIt27gFldrfOoR6zuQbeElhFFwd7iWAEx2g0", "expire_date": "2021-05-25T05:42:04.856Z"}}, {"model": "sessions.session", "pk": "sdl5gg5w0msjjya1pyfrblu2ian2is1z", "fields": {"session_data": "e30:1lhvby:EOosNadG8W4vYltBj6rh1C4jjAt3D4Oj1-IevUb9j84", "expire_date": "2021-05-29T14:49:50.057Z"}}, {"model": "sessions.session", "pk": "t61cxbwsbrqvqbcbku04drzsf3bhi4bb", "fields": {"session_data": ".eJxVjs0KgzAQhF9F9hzERK3GY--F3msJ2d2k9s-AiafSd68t9uBpYOabYV5AdkrQvaCETgqQapG3AGPnNJg5uslcGTqQsPHQ0t2N34BvdryEnMKYpivmXyRf05gfArvHfmU3A4ONw9JuWO0QvSo81dQy27qsvPayZdkopUl79q5BWUqNviyQqK1qLFTDGivJv1dPF6O9uLjMnU49GHOLYfy7PYisEJmqRdbDcQo8U8qWUy457uF8hvcHYV9TGQ:1liGCZ:J6FAtpkjSa9_qCgK2ReYSf8N_1hqikJ9l1BtxA8benw", "expire_date": "2021-05-30T12:48:59.625Z"}}, {"model": "sessions.session", "pk": "tzkup7zzywh2ken8hzlodd6orcyakmvt", "fields": {"session_data": ".eJxVjEsOgzAMRO_iNUI4fJKw7L5niOI4AVoEFZ8V4u5NVLpgM5bezPMBzi6bWfy02RHaA0SKElrEDJp4zgwwIQWtyEDHPCNKUqL4W3yse9vO_9VIjN233uyrX8zA0MbhjVEU_JQKftmpm3M3T9syUJ4m-dWu-XNmPz6u7e1Bb9c-2pJFQxREEVztFLOtyyrogIpRCqGdDhy8JCxRUygLck5VNRVCsqYKGeH8AqriT9o:1lgrtv:IA8PweUgcLuweFp8wZ9FvSN_BwXJYTk7kbtxUz2l-gE", "expire_date": "2021-05-26T16:39:59.249Z"}}, {"model": "sessions.session", "pk": "w5ip99decus8ibt3c8t5nnq3p7bscpui", "fields": {"session_data": ".eJxVjz1uwzAMhe_C2TAs2Y4tjd17BoEUpVqtKwWiUyQIfPc6QZYsHN4P8b07CP4Fl3IsYCOuEhpweNkWd5FQXWKwoOBNI_Q_IT8M_sb8VVpf8lYTtY9I-3Kl_Swc1o9X9u3BgrIc7Yn1iSjqLvrRz8w49kM0Uc2sJq2NN5FjmEj1ylDsO_J-Hkbq9MSGBsVPKgkiqWQXrudUb2C7BjzWzdWQN1zB3g_445zAqn1v4PcgXeQ5af8HFDVSsg:1lllKn:m6F-TsbIaVcJ1mzx75HfUPQYmYlGr2kCqmYTTOBuYBE", "expire_date": "2021-06-09T04:39:57.553Z"}}, {"model": "sessions.session", "pk": "zk5pf6n0cfkwr8hjby208ba5f46g7c18", "fields": {"session_data": ".eJyrVkpOLCqJL0rNK0nMUbKqVjIEEUZKVka1tTpgORDfWMnKUEfJBExaKlmZ6IBEgCygkoLE5OzE9FSEKqC8kY6SBdgEAOk5GK4:1lkoY8:G8lhds4mp1kuYCjVL4fJpeY6XdNnowy-FiL-Au3ouYQ", "expire_date": "2021-06-06T13:53:48.135Z"}}, {"model": "sites.site", "pk": 1, "fields": {"domain": "hire-hens.com", "name": "Hire Hens"}}, {"model": "account.emailaddress", "pk": 1, "fields": {"user": 1, "email": "carina.palmqvist@telia.com", "verified": true, "primary": true}}, {"model": "account.emailaddress", "pk": 2, "fields": {"user": 3, "email": "anna@gmail.com", "verified": true, "primary": true}}, {"model": "faq.faq", "pk": 14, "fields": {"question": "How often does a hen lay eggs?", "answer": "It is a little bit different from different type of hens. For example Burma hen usually lays an egg a day."}}, {"model": "faq.faq", "pk": 17, "fields": {"question": "What happens if a hen gets sick?", "answer": "Just contact us and we will fetch the hen and replace it with a another hen."}}, {"model": "faq.faq", "pk": 18, "fields": {"question": "When is the best time to hire hens?", "answer": "We think early spring, when weather is getting warmer, is the best time."}}, {"model": "faq.faq", "pk": 19, "fields": {"question": "How do I pay for the rental?", "answer": "We accept credit cards. Just go to shopping cart in top right corner and from there you can reach a checkout form where you fill in your information."}}, {"model": "faq.faq", "pk": 20, "fields": {"question": "When do the hens start laying eggs?", "answer": "Usually when it is 20 weeks old it starts laying egg."}}, {"model": "products.category", "pk": 1, "fields": {"category": "Hens", "buyable": true, "rentable": true}}, {"model": "products.category", "pk": 2, "fields": {"category": "Coops", "buyable": true, "rentable": true}}, {"model": "products.category", "pk": 3, "fields": {"category": "Equipment", "buyable": true, "rentable": true}}, {"model": "products.category", "pk": 4, "fields": {"category": "Consumables", "buyable": true, "rentable": false}}, {"model": "products.product", "pk": 1, "fields": {"category": 1, "name": "Bantam", "information": "Bantam is a dwarf chicken breed that came to Europe in the mid-19th century from Java in Indonesia. The breed is not very good as a laying hen, but is more of a hobby breed, among other things for show.\r\nA hen weighs about 500 grams. The eggs are white and weigh about 25 grams.\r\n\r\nIn their own way, bantam are active hens that have good flying ability. If they are kept fenced outdoors, nets are often needed over the fence as well. They are easily tamed and the individuals are often sociable by themselves.", "buying_price": "300.00", "rental_price": "50.00", "image": "bantam.jpg"}}, {"model": "products.product", "pk": 2, "fields": {"category": 1, "name": "Guinea fowl", "information": "Guinea fowl are large birds that measure between 40 and 71 cm and weigh 700–1,600 grams. They feed on insects and seeds, and nest directly on the ground. They lack feathers on the head and the plumage is mainly gray-spotted.", "buying_price": "400.00", "rental_price": "60.00", "image": "guinea-fowl.jpg"}}, {"model": "products.product", "pk": 3, "fields": {"category": 1, "name": "Brahma", "information": "The Brahman is a large breed, a hen weighs about 4 kilograms.\r\nIn the past, brahman was kept mainly as a breed of meat, but also for his eggs. Today, it no longer has any significance as a production breed for meat because it grows too slowly for meat production on a larger scale to be economical. Instead, it is now more of a chicken breed that is kept for fun and as an exhibition breed.\r\n\r\nThe eggs are comparatively small, an egg of a large hen weighs about 55 grams and has a yellow-brown shell color. \r\n\r\nIn its own way, the Brahman is a calm race that is rarely aggressive.", "buying_price": "250.00", "rental_price": "40.00", "image": "hen-brahma.jpg"}}, {"model": "products.product", "pk": 4, "fields": {"category": 1, "name": "Lohman", "information": "The hen is considered the world's most effective laying hybrid. It lays about 340 eggs a year. The eggs are brown and weigh about 70 grams.\r\n\r\nUnlike white Lohmann hens, the brown Lohmann is about 180-200 grams heavier and weighs 1.9-2.1 kg at 60 weeks of age. The hen Lohmann silver is reminiscent of the brown one but has white feathers and lays slightly smaller eggs.\r\n\r\nBrown Lohmann is a relatively calm hybrid; the plumage is brown with hints of white.", "buying_price": "250.00", "rental_price": "40.00", "image": "lohman.jpg"}}, {"model": "products.product", "pk": 5, "fields": {"category": 2, "name": "Coop for 2", "information": "A coop for maximum 2 hens.", "buying_price": "1200.00", "rental_price": "300.00", "image": "coop_with_hens.jpg"}}, {"model": "products.product", "pk": 6, "fields": {"category": 2, "name": "Coop for 10 hens", "information": "This is a coop for maximum 10 hens", "buying_price": "2500.00", "rental_price": "500.00", "image": "coop2_FoQCog9.jpg"}}, {"model": "products.product", "pk": 7, "fields": {"category": 2, "name": "Coop for 20 hens", "information": "This is a coop for maximum 20 hens", "buying_price": "3000.00", "rental_price": "700.00", "image": "coop_with_hens.jpg"}}, {"model": "products.product", "pk": 8, "fields": {"category": 3, "name": "Feeder", "information": "Feeder for chicken, hens and roosters.", "buying_price": "200.00", "rental_price": "50.00", "image": "feeder.jpg"}}, {"model": "products.product", "pk": 9, "fields": {"category": 3, "name": "Waterer", "information": "Waterer for chicken, hens and roosters.", "buying_price": "200.00", "rental_price": "50.00", "image": "waterer.jpg"}}, {"model": "products.product", "pk": 10, "fields": {"category": 4, "name": "Food", "information": "Our special mixture of ecological and healty hen food. Price per kg.", "buying_price": "20.00", "rental_price": "0.00", "image": "food.jpg"}}, {"model": "products.product", "pk": 11, "fields": {"category": 4, "name": "Bedding", "information": "Bedding of good quality for the hens. Price per 20 kg bay of hay.", "buying_price": "50.00", "rental_price": "0.00", "image": "bedding.jpg"}}, {"model": "checkout.order", "pk": 1, "fields": {"order_number": "4A60519C41B8454CA130791F384B8942", "user_profile": null, "full_name": "Carina Palmqvist", "email": "carina.palmqvist@telia.com", "phone_number": "0730787021", "country": "Sverige", "postcode": "14265", "town_or_city": "Trångsund", "street_address1": "Schackvägen 9A", "street_address2": null, "order_date": "2021-05-14T14:56:56.037Z", "grand_total": "0.00", "original_cart": "", "original_cart_rental": "", "stripe_pid": "", "delivery_date": "2021-05-20T17:02:59.887Z"}}, {"model": "checkout.order", "pk": 2, "fields": {"order_number": "3316F6258CBF4371BAEB8786E83F9A82", "user_profile": null, "full_name": "Carina Palmqvist", "email": "carina.palmqvist@telia.com", "phone_number": "0730787021", "country": "Sverige", "postcode": "14265", "town_or_city": "Trångsund", "street_address1": "Schackvägen 9A", "street_address2": null, "order_date": "2021-05-14T15:04:46.334Z", "grand_total": "1540.00", "original_cart": "", "original_cart_rental": "", "stripe_pid": "", "delivery_date": "2021-05-19T17:20:55.721Z"}}, {"model": "checkout.order", "pk": 3, "fields": {"order_number": "A9001018020741BDB6975D63C3466515", "user_profile": null, "full_name": "Carina Palmqvist", "email": "carina.palmqvist@telia.com", "phone_number": "0730787021", "country": "Sverige", "postcode": "14265", "town_or_city": "Trångsund", "street_address1": "Schackvägen 9A", "street_address2": null, "order_date": "2021-05-14T15:08:23.843Z", "grand_total": "1540.00", "original_cart": "", "original_cart_rental": "", "stripe_pid": "", "delivery_date": "2021-05-19T16:51:31.727Z"}}, {"model": "checkout.order", "pk": 4, "fields": {"order_number": "F8FA6DEAA4064B85878F16E4DC8EA942", "user_profile": null, "full_name": "Carina Palmqvist", "email": "carina.palmqvist@telia.com", "phone_number": "0730787021", "country": "Sverige", "postcode": "14265", "town_or_city": "Trångsund", "street_address1": "Schackvägen 9A", "street_address2": null, "order_date": "2021-05-14T15:11:31.073Z", "grand_total": "1540.00", "original_cart": "", "original_cart_rental": "", "stripe_pid": "", "delivery_date": "2021-05-19T16:35:38.191Z"}}, {"model": "checkout.order", "pk": 5, "fields": {"order_number": "1AE93CF755C04F3790746D0636E6E3D1", "user_profile": null, "full_name": "Carina Palmqvist", "email": "carina.palmqvist@telia.com", "phone_number": "0730787021", "country": "Sverige", "postcode": "14265", "town_or_city": "Trångsund", "street_address1": "Schackvägen 9A", "street_address2": null, "order_date": "2021-05-14T15:14:43.100Z", "grand_total": "1540.00", "original_cart": "", "original_cart_rental": "", "stripe_pid": "", "delivery_date": "2021-05-19T18:28:37.832Z"}}, {"model": "checkout.order", "pk": 6, "fields": {"order_number": "D2FDE6CB6B3846F9A0524D2D0BFE4262", "user_profile": null, "full_name": "Carina Palmqvist", "email": "carina.palmqvist@telia.com", "phone_number": "0730787021", "country": "Sverige", "postcode": "14265", "town_or_city": "Trångsund", "street_address1": "Schackvägen 9A", "street_address2": null, "order_date": "2021-05-14T15:18:15.422Z", "grand_total": "1540.00", "original_cart": "", "original_cart_rental": "", "stripe_pid": "", "delivery_date": "2021-05-19T18:43:23.430Z"}}, {"model": "checkout.order", "pk": 7, "fields": {"order_number": "C7F87E7C5F4547D4B591C0590811D5C4", "user_profile": null, "full_name": "Carina Palmqvist", "email": "carina.palmqvist@telia.com", "phone_number": "0730787021", "country": "Sverige", "postcode": "14265", "town_or_city": "Trångsund", "street_address1": "Schackvägen 9A", "street_address2": null, "order_date": "2021-05-14T15:24:03.269Z", "grand_total": "1540.00", "original_cart": "", "original_cart_rental": "", "stripe_pid": "", "delivery_date": "2021-05-19T19:01:59.633Z"}}, {"model": "checkout.order", "pk": 8, "fields": {"order_number": "8E79F2852F364250BEF9CBA1628FC1DA", "user_profile": null, "full_name": "Carina Palmqvist", "email": "carina.palmqvist@telia.com", "phone_number": "0730787021", "country": "Sverige", "postcode": "14265", "town_or_city": "Trångsund", "street_address1": "Schackvägen 9A", "street_address2": null, "order_date": "2021-05-14T15:37:38.657Z", "grand_total": "100.00", "original_cart": "", "original_cart_rental": "", "stripe_pid": "", "delivery_date": "2021-05-19T19:30:26.197Z"}}, {"model": "checkout.order", "pk": 9, "fields": {"order_number": "067CBC02C05E42D589B0786D4C6F1AC1", "user_profile": null, "full_name": "Carina Palmqvist", "email": "carina.palmqvist@telia.com", "phone_number": "0730787021", "country": "Sverige", "postcode": "14265", "town_or_city": "Trångsund", "street_address1": "Schackvägen 9A", "street_address2": null, "order_date": "2021-05-14T16:06:05.254Z", "grand_total": "2750.00", "original_cart": "", "original_cart_rental": "", "stripe_pid": "", "delivery_date": "2021-05-19T18:18:31.160Z"}}, {"model": "checkout.order", "pk": 10, "fields": {"order_number": "AE2852EBB57F493AA73327BA0158ECA8", "user_profile": null, "full_name": "Carina Palmqvist", "email": "carina.palmqvist@telia.com", "phone_number": "0730787021", "country": "Sverige", "postcode": "14265", "town_or_city": "Trångsund", "street_address1": "Schackvägen 9A", "street_address2": null, "order_date": "2021-05-14T16:21:03.176Z", "grand_total": "2650.00", "original_cart": "", "original_cart_rental": "", "stripe_pid": "", "delivery_date": "2021-05-21T15:59:28.630Z"}}, {"model": "checkout.order", "pk": 11, "fields": {"order_number": "7F02853C1C6045DEBA0BC7477C9124A7", "user_profile": null, "full_name": "Carina Palmqvist", "email": "carina.palmqvist@telia.com", "phone_number": "0730787021", "country": "Sverige", "postcode": "14265", "town_or_city": "Trångsund", "street_address1": "Schackvägen 9A", "street_address2": null, "order_date": "2021-05-14T16:22:04.319Z", "grand_total": "350.00", "original_cart": "", "original_cart_rental": "", "stripe_pid": "", "delivery_date": null}}, {"model": "checkout.order", "pk": 12, "fields": {"order_number": "D9BA6ED22F114434A7E075C684397A68", "user_profile": null, "full_name": "Carina Palmqvist", "email": "carina.palmqvist@telia.com", "phone_number": "0730787021", "country": "Sverige", "postcode": "14265", "town_or_city": "Trångsund", "street_address1": "Schackvägen 9A", "street_address2": null, "order_date": "2021-05-14T16:22:52.198Z", "grand_total": "500.00", "original_cart": "", "original_cart_rental": "", "stripe_pid": "", "delivery_date": "2021-05-21T16:06:06.520Z"}}, {"model": "checkout.order", "pk": 13, "fields": {"order_number": "C01618BABFE74BDBBD44172ABF7238D7", "user_profile": null, "full_name": "Carina Palmqvist", "email": "carina.palmqvist@telia.com", "phone_number": "0730787021", "country": "SE", "postcode": "14265", "town_or_city": "Trångsund", "street_address1": "Schackvägen 9A", "street_address2": null, "order_date": "2021-05-15T08:00:52.477Z", "grand_total": "1130.00", "original_cart": "", "original_cart_rental": "", "stripe_pid": "", "delivery_date": "2021-05-19T18:37:50.758Z"}}, {"model": "checkout.order", "pk": 14, "fields": {"order_number": "1B1CCA1F848C41D98583D268E1159198", "user_profile": null, "full_name": "Carina Palmqvist", "email": "carina.palmqvist@telia.com", "phone_number": "0730787021", "country": "SE", "postcode": "14265", "town_or_city": "Trångsund", "street_address1": "Schackvägen 9A", "street_address2": null, "order_date": "2021-05-15T10:03:13.262Z", "grand_total": "1650.00", "original_cart": "{\"3\": 5, \"9\": 2}", "original_cart_rental": "{}", "stripe_pid": "pi_1IrKKfJKlvgFF1pp25nE8Gxa", "delivery_date": "2021-05-19T18:35:51.888Z"}}, {"model": "checkout.order", "pk": 15, "fields": {"order_number": "E8B43A2964204D489AC42C4352E0468F", "user_profile": null, "full_name": "Carina Palmqvist", "email": "carina.palmqvist@telia.com", "phone_number": "0730787021", "country": "SE", "postcode": "42424", "town_or_city": "Trångsund", "street_address1": "Schackvägen 9A", "street_address2": "", "order_date": "2021-05-15T10:03:19.026Z", "grand_total": "0.00", "original_cart": "{\"3\": 5, \"9\": 2}", "original_cart_rental": "{}", "stripe_pid": "pi_1IrKKfJKlvgFF1pp25nE8Gxa", "delivery_date": "2021-05-19T17:18:07.683Z"}}, {"model": "checkout.order", "pk": 16, "fields": {"order_number": "D7ADC0CB98C94B43B0DECCA19A2F82A7", "user_profile": null, "full_name": "Carina Palmqvist", "email": "carina.palmqvist@telia.com", "phone_number": "0730787021", "country": "SE", "postcode": "42424", "town_or_city": "Trångsund", "street_address1": "Schackvägen 9A", "street_address2": "", "order_date": "2021-05-15T10:03:41.218Z", "grand_total": "0.00", "original_cart": "{\"3\": 5, \"9\": 2}", "original_cart_rental": "{}", "stripe_pid": "pi_1IrKKfJKlvgFF1pp25nE8Gxa", "delivery_date": "2021-05-20T04:37:36.179Z"}}, {"model": "checkout.order", "pk": 17, "fields": {"order_number": "97959C1A09F34133955D2C110379513E", "user_profile": null, "full_name": "Carina Palmqvist", "email": "carina.palmqvist@telia.com", "phone_number": "0730787021", "country": "SE", "postcode": "14265", "town_or_city": "Trångsund", "street_address1": "Schackvägen 9A", "street_address2": null, "order_date": "2021-05-15T10:22:46.167Z", "grand_total": "380.00", "original_cart": "{\"9\": 1}", "original_cart_rental": "{\"1\": {\"2\": 3}}", "stripe_pid": "pi_1IrKdVJKlvgFF1ppntELFtJy", "delivery_date": null}}, {"model": "checkout.order", "pk": 18, "fields": {"order_number": "38E481C6FF72490688B15838C48107CA", "user_profile": null, "full_name": "Carina Palmqvist", "email": "carina.palmqvist@telia.com", "phone_number": "0730787021", "country": "SE", "postcode": "42424", "town_or_city": "Trångsund", "street_address1": "Schackvägen 9A", "street_address2": "", "order_date": "2021-05-15T10:22:52.112Z", "grand_total": "0.00", "original_cart": "{\"9\": 1}", "original_cart_rental": "{\"1\": {\"2\": 3}}", "stripe_pid": "pi_1IrKdVJKlvgFF1ppntELFtJy", "delivery_date": "2021-05-19T19:27:00.795Z"}}, {"model": "checkout.order", "pk": 19, "fields": {"order_number": "FB1BBE76517D496EBBD66247421769C6", "user_profile": null, "full_name": "Carina Palmqvist", "email": "carina.palmqvist@telia.com", "phone_number": "0730787021", "country": "SE", "postcode": "14265", "town_or_city": "Trångsund", "street_address1": "Schackvägen 9A", "street_address2": null, "order_date": "2021-05-15T11:16:32.465Z", "grand_total": "730.00", "original_cart": "{\"11\": 1}", "original_cart_rental": "{\"1\": {\"2\": 3, \"6\": 1}}", "stripe_pid": "pi_1IrLTeJKlvgFF1ppG4ENCJfu", "delivery_date": "2021-05-19T19:25:35.632Z"}}, {"model": "checkout.order", "pk": 20, "fields": {"order_number": "7BE8D32E124B4F4D9F0E547669D04E2F", "user_profile": null, "full_name": "Carina Palmqvist", "email": "carina.palmqvist@telia.com", "phone_number": "0730787021", "country": "SE", "postcode": "42424", "town_or_city": "Trångsund", "street_address1": "Schackvägen 9A", "street_address2": "", "order_date": "2021-05-15T11:16:38.212Z", "grand_total": "730.00", "original_cart": "{\"11\": 1}", "original_cart_rental": "{\"1\": {\"2\": 3, \"6\": 1}}", "stripe_pid": "pi_1IrLTeJKlvgFF1ppG4ENCJfu", "delivery_date": "2021-05-19T19:08:12.624Z"}}, {"model": "checkout.order", "pk": 21, "fields": {"order_number": "F0BEF80927AC4B61B06009E8EEFE593D", "user_profile": null, "full_name": "Carina Palmqvist", "email": "carina.palmqvist@telia.com", "phone_number": "0730787021", "country": "SE", "postcode": "42424", "town_or_city": "Trångsund", "street_address1": "Schackvägen 9A", "street_address2": "", "order_date": "2021-05-15T11:20:58.355Z", "grand_total": "700.00", "original_cart": "{}", "original_cart_rental": "{\"2\": {\"7\": 1}}", "stripe_pid": "pi_1IrLXhJKlvgFF1ppq9SezeEh", "delivery_date": "2021-05-19T19:22:46.161Z"}}, {"model": "checkout.order", "pk": 22, "fields": {"order_number": "3C20870A46F443E5B858E35691F3ECC9", "user_profile": null, "full_name": "Carina Palmqvist", "email": "carina.palmqvist@telia.com", "phone_number": "0730787021", "country": "SE", "postcode": "42424", "town_or_city": "Trångsund", "street_address1": "Schackvägen 9A", "street_address2": "", "order_date": "2021-05-15T11:22:06.396Z", "grand_total": "380.00", "original_cart": "{\"9\": 1}", "original_cart_rental": "{\"1\": {\"2\": 3}}", "stripe_pid": "pi_1IrKdVJKlvgFF1ppntELFtJy", "delivery_date": "2021-05-19T19:30:37.082Z"}}, {"model": "checkout.order", "pk": 23, "fields": {"order_number": "07506D2DE8A841F3BD61D1B8800F273A", "user_profile": null, "full_name": "Carina Palmqvist", "email": "carina.palmqvist@telia.com", "phone_number": "0730787021", "country": "SE", "postcode": "14265", "town_or_city": "Trångsund", "street_address1": "Schackvägen 9A", "street_address2": null, "order_date": "2021-05-15T11:26:44.265Z", "grand_total": "700.00", "original_cart": "{}", "original_cart_rental": "{\"2\": {\"7\": 1}}", "stripe_pid": "pi_1IrLdSJKlvgFF1ppMvtFP09q", "delivery_date": "2021-05-19T19:28:09.464Z"}}, {"model": "checkout.order", "pk": 24, "fields": {"order_number": "B57B795204AB415D8815625162BF7ABA", "user_profile": null, "full_name": "Carina Palmqvist", "email": "carina.palmqvist@telia.com", "phone_number": "0730787021", "country": "SE", "postcode": "42424", "town_or_city": "Trångsund", "street_address1": "Schackvägen 9A", "street_address2": "", "order_date": "2021-05-15T11:26:50.204Z", "grand_total": "700.00", "original_cart": "{}", "original_cart_rental": "{\"2\": {\"7\": 1}}", "stripe_pid": "pi_1IrLdSJKlvgFF1ppMvtFP09q", "delivery_date": "2021-05-19T19:26:11.608Z"}}, {"model": "checkout.order", "pk": 25, "fields": {"order_number": "697A4069BAAC42B9AF2ADF4C3E8838A3", "user_profile": 1, "full_name": "Carina Palmqvist", "email": "carina.palmqvist@telia.com", "phone_number": "0730787021", "country": "SE", "postcode": "14265", "town_or_city": "Trångsund", "street_address1": "Schackvägen 9A", "street_address2": null, "order_date": "2021-05-16T06:49:44.585Z", "grand_total": "1200.00", "original_cart": "{\"3\": 2}", "original_cart_rental": "{\"1\": {\"7\": 1}}", "stripe_pid": "pi_1IrdmpJKlvgFF1ppwVC2F9nQ", "delivery_date": "2021-05-19T18:57:21.134Z"}}, {"model": "checkout.order", "pk": 26, "fields": {"order_number": "88E2648F2B5C4FCBB38D72B55C6F5FA2", "user_profile": null, "full_name": "Carina Palmqvist", "email": "carina.palmqvist@telia.com", "phone_number": "0730787021", "country": "SE", "postcode": "42424", "town_or_city": "Trångsund", "street_address1": "Schackvägen 9A", "street_address2": "", "order_date": "2021-05-16T06:49:50.457Z", "grand_total": "1200.00", "original_cart": "{\"3\": 2}", "original_cart_rental": "{\"1\": {\"7\": 1}}", "stripe_pid": "pi_1IrdmpJKlvgFF1ppwVC2F9nQ", "delivery_date": "2021-05-19T18:53:36.060Z"}}, {"model": "checkout.order", "pk": 27, "fields": {"order_number": "B293A2DD0DE542DCA61AA9F744B7CEEC", "user_profile": 1, "full_name": "Carina Palmqvist", "email": "carina.palmqvist@telia.com", "phone_number": "0730787021", "country": "SE", "postcode": "14265", "town_or_city": "Trångsund", "street_address1": "Schackvägen 9A", "street_address2": null, "order_date": "2021-05-16T06:58:15.425Z", "grand_total": "980.00", "original_cart": "{\"11\": 2, \"10\": 1}", "original_cart_rental": "{\"3\": {\"2\": 1, \"7\": 1, \"8\": 2}}", "stripe_pid": "pi_1Irdv5JKlvgFF1ppdZyF2PwX", "delivery_date": "2021-05-19T19:03:50.365Z"}}, {"model": "checkout.order", "pk": 28, "fields": {"order_number": "B1650DB26E5D40D2B9D5ACB42BA56E29", "user_profile": null, "full_name": "Carina Palmqvist", "email": "carina.palmqvist@telia.com", "phone_number": "0730787021", "country": "SE", "postcode": "42424", "town_or_city": "Trångsund", "street_address1": "Schackvägen 9A", "street_address2": "", "order_date": "2021-05-16T06:58:21.587Z", "grand_total": "980.00", "original_cart": "{\"11\": 2, \"10\": 1}", "original_cart_rental": "{\"3\": {\"2\": 1, \"7\": 1, \"8\": 2}}", "stripe_pid": "pi_1Irdv5JKlvgFF1ppdZyF2PwX", "delivery_date": "2021-05-19T19:01:42.828Z"}}, {"model": "checkout.order", "pk": 29, "fields": {"order_number": "053A624B5D2548428E93651B18870E4F", "user_profile": 1, "full_name": "Carina Palmqvist", "email": "carina.palmqvist@telia.com", "phone_number": "0730787021", "country": "SE", "postcode": "14265", "town_or_city": "Trångsund", "street_address1": "Schackvägen 9A", "street_address2": null, "order_date": "2021-05-16T07:04:59.115Z", "grand_total": "1320.00", "original_cart": "{\"10\": 1, \"11\": 2}", "original_cart_rental": "{\"1\": {\"1\": 10, \"6\": 1, \"9\": 2, \"8\": 2}}", "stripe_pid": "pi_1Ire1WJKlvgFF1ppqjLDewgg", "delivery_date": "2021-05-19T19:00:44.498Z"}}, {"model": "checkout.order", "pk": 30, "fields": {"order_number": "F35D57FB28924D0BBB0306E4743E3351", "user_profile": null, "full_name": "Carina Palmqvist", "email": "carina.palmqvist@telia.com", "phone_number": "0730787021", "country": "SE", "postcode": "42424", "town_or_city": "Trångsund", "street_address1": "Schackvägen 9A", "street_address2": "", "order_date": "2021-05-16T07:05:05.035Z", "grand_total": "1320.00", "original_cart": "{\"10\": 1, \"11\": 2}", "original_cart_rental": "{\"1\": {\"1\": 10, \"6\": 1, \"9\": 2, \"8\": 2}}", "stripe_pid": "pi_1Ire1WJKlvgFF1ppqjLDewgg", "delivery_date": "2021-05-19T18:44:14.386Z"}}, {"model": "checkout.order", "pk": 31, "fields": {"order_number": "7B7C192E3202470FACECC001F329093A", "user_profile": 2, "full_name": "Anna Panna", "email": "anna@gmail.com", "phone_number": "08080808080", "country": "SE", "postcode": "13333", "town_or_city": "stad", "street_address1": "gata 1", "street_address2": null, "order_date": "2021-05-16T07:31:37.102Z", "grand_total": "480.00", "original_cart": "{}", "original_cart_rental": "{\"1\": {\"2\": 8}}", "stripe_pid": "pi_1IreQpJKlvgFF1ppZnsCWRQu", "delivery_date": "2021-05-19T19:32:28.146Z"}}, {"model": "checkout.order", "pk": 32, "fields": {"order_number": "C7CF807D55E8446FAEB2F03DABDF70BC", "user_profile": null, "full_name": "Anna Panna", "email": "anna@gmail.com", "phone_number": "08080808080", "country": "SE", "postcode": "42424", "town_or_city": "stad", "street_address1": "gata 1", "street_address2": "", "order_date": "2021-05-16T07:31:43.232Z", "grand_total": "480.00", "original_cart": "{}", "original_cart_rental": "{\"1\": {\"2\": 8}}", "stripe_pid": "pi_1IreQpJKlvgFF1ppZnsCWRQu", "delivery_date": "2021-05-19T19:06:31.216Z"}}, {"model": "checkout.order", "pk": 33, "fields": {"order_number": "910C381CB6B2428096F0C706B9B86D10", "user_profile": 2, "full_name": "Anna Panna", "email": "anna@gmail.com", "phone_number": "8080808080", "country": "SE", "postcode": "13333", "town_or_city": "stad", "street_address1": "gata 2", "street_address2": null, "order_date": "2021-05-16T07:33:36.607Z", "grand_total": "450.00", "original_cart": "{\"3\": 1, \"9\": 1}", "original_cart_rental": "{}", "stripe_pid": "pi_1IreTIJKlvgFF1ppqQFERuO3", "delivery_date": "2021-05-19T19:29:39.672Z"}}, {"model": "checkout.order", "pk": 34, "fields": {"order_number": "02FA360F9ACC4597B088F60BD04B1D8E", "user_profile": null, "full_name": "Anna Panna", "email": "anna@gmail.com", "phone_number": "8080808080", "country": "SE", "postcode": "42424", "town_or_city": "stad", "street_address1": "gata 2", "street_address2": "", "order_date": "2021-05-16T07:33:42.283Z", "grand_total": "450.00", "original_cart": "{\"3\": 1, \"9\": 1}", "original_cart_rental": "{}", "stripe_pid": "pi_1IreTIJKlvgFF1ppqQFERuO3", "delivery_date": null}}, {"model": "checkout.order", "pk": 35, "fields": {"order_number": "97E671A3BA2C4037970C38694E7A145C", "user_profile": 2, "full_name": "Carina Palmqvist", "email": "carina.palmqvist@telia.com", "phone_number": "0730787021", "country": "SE", "postcode": "14265", "town_or_city": "Trångsund", "street_address1": "Schackvägen 9A", "street_address2": null, "order_date": "2021-05-16T07:39:06.526Z", "grand_total": "720.00", "original_cart": "{\"11\": 2, \"10\": 4}", "original_cart_rental": "{\"1\": {\"2\": 4, \"5\": 1}}", "stripe_pid": "pi_1IreYlJKlvgFF1ppRNRJkgAZ", "delivery_date": "2021-05-19T19:20:01.479Z"}}, {"model": "checkout.order", "pk": 36, "fields": {"order_number": "2157A2DD59E243EBAA7154ADF5384D73", "user_profile": null, "full_name": "Carina Palmqvist", "email": "carina.palmqvist@telia.com", "phone_number": "0730787021", "country": "SE", "postcode": "42422", "town_or_city": "Trångsund", "street_address1": "Schackvägen 9A", "street_address2": "", "order_date": "2021-05-16T07:39:12.299Z", "grand_total": "720.00", "original_cart": "{\"11\": 2, \"10\": 4}", "original_cart_rental": "{\"1\": {\"2\": 4, \"5\": 1}}", "stripe_pid": "pi_1IreYlJKlvgFF1ppRNRJkgAZ", "delivery_date": "2021-05-19T19:05:43.938Z"}}, {"model": "checkout.order", "pk": 37, "fields": {"order_number": "8DE1FA58878A4617BA8AA1FE03B46CFE", "user_profile": 2, "full_name": "Carina Palmqvist", "email": "carina.palmqvist@telia.com", "phone_number": "0730787021", "country": "SE", "postcode": "14265", "town_or_city": "Trångsund", "street_address1": "Schackvägen 9A", "street_address2": null, "order_date": "2021-05-16T07:39:51.113Z", "grand_total": "1500.00", "original_cart": "{\"3\": 6}", "original_cart_rental": "{}", "stripe_pid": "pi_1IreZUJKlvgFF1pp3ualqD0P", "delivery_date": "2021-05-19T19:29:57.987Z"}}, {"model": "checkout.order", "pk": 38, "fields": {"order_number": "59F0ECF1A36445CDB91F88C4656C53EA", "user_profile": null, "full_name": "Carina Palmqvist", "email": "carina.palmqvist@telia.com", "phone_number": "0730787021", "country": "SE", "postcode": "42424", "town_or_city": "Trångsund", "street_address1": "Schackvägen 9A", "street_address2": "", "order_date": "2021-05-16T07:39:57.119Z", "grand_total": "1500.00", "original_cart": "{\"3\": 6}", "original_cart_rental": "{}", "stripe_pid": "pi_1IreZUJKlvgFF1pp3ualqD0P", "delivery_date": "2021-05-19T19:00:20.705Z"}}, {"model": "checkout.order", "pk": 39, "fields": {"order_number": "2F4B1BC5A6634EF8841C2D1588911561", "user_profile": 2, "full_name": "Carina Palmqvist", "email": "carina.palmqvist@telia.com", "phone_number": "0730787021", "country": "SE", "postcode": "14265", "town_or_city": "Trångsund", "street_address1": "Schackvägen 9A", "street_address2": null, "order_date": "2021-05-16T07:41:29.593Z", "grand_total": "120.00", "original_cart": "{}", "original_cart_rental": "{\"1\": {\"2\": 2}}", "stripe_pid": "pi_1Ireb2JKlvgFF1ppE8AatDZc", "delivery_date": "2021-05-19T18:46:09.186Z"}}, {"model": "checkout.order", "pk": 40, "fields": {"order_number": "5B60444175A0429793E191085E2BCC2D", "user_profile": null, "full_name": "Carina Palmqvist", "email": "carina.palmqvist@telia.com", "phone_number": "0730787021", "country": "SE", "postcode": "42424", "town_or_city": "Trångsund", "street_address1": "Schackvägen 9A", "street_address2": "", "order_date": "2021-05-16T07:41:36.788Z", "grand_total": "120.00", "original_cart": "{}", "original_cart_rental": "{\"1\": {\"2\": 2}}", "stripe_pid": "pi_1Ireb2JKlvgFF1ppE8AatDZc", "delivery_date": "2021-05-19T18:48:14.726Z"}}, {"model": "checkout.order", "pk": 41, "fields": {"order_number": "1FF3EC36D6FB492CA4B6F47724BC31D8", "user_profile": 2, "full_name": "Anna Panna", "email": "anna@gmail.com", "phone_number": "8080808080", "country": "SE", "postcode": "13333", "town_or_city": "stad", "street_address1": "gata 5", "street_address2": null, "order_date": "2021-05-16T08:10:41.827Z", "grand_total": "750.00", "original_cart": "{\"3\": 1}", "original_cart_rental": "{\"5\": {\"6\": 1}}", "stripe_pid": "pi_1Irf3HJKlvgFF1ppXybPK4OT", "delivery_date": null}}, {"model": "checkout.order", "pk": 42, "fields": {"order_number": "0C9301B0510A4830A44738F7DB1D363F", "user_profile": null, "full_name": "Anna Panna", "email": "anna@gmail.com", "phone_number": "8080808080", "country": "SE", "postcode": "42424", "town_or_city": "stad", "street_address1": "gata 5", "street_address2": "", "order_date": "2021-05-16T08:10:47.645Z", "grand_total": "750.00", "original_cart": "{\"3\": 1}", "original_cart_rental": "{\"5\": {\"6\": 1}}", "stripe_pid": "pi_1Irf3HJKlvgFF1ppXybPK4OT", "delivery_date": "2021-05-19T18:33:00.798Z"}}, {"model": "checkout.order", "pk": 43, "fields": {"order_number": "E5A80D965AD445ACBC5B092E6C4B63AF", "user_profile": 2, "full_name": "Anna Panna", "email": "anna@gmail.com", "phone_number": "083453533", "country": "ST", "postcode": "13333", "town_or_city": "stad", "street_address1": "gata 3", "street_address2": null, "order_date": "2021-05-16T08:46:16.424Z", "grand_total": "200.00", "original_cart": "{\"9\": 1}", "original_cart_rental": "{}", "stripe_pid": "pi_1IrfatJKlvgFF1pp3FWVuXHb", "delivery_date": null}}, {"model": "checkout.order", "pk": 44, "fields": {"order_number": "90ABF26C64874A9A8EDC9CA29EDEE83C", "user_profile": 2, "full_name": "Anna Panna", "email": "anna@gmail.com", "phone_number": "083453533", "country": "SE", "postcode": "13333", "town_or_city": "stad", "street_address1": "gata 3", "street_address2": null, "order_date": "2021-05-16T08:48:16.416Z", "grand_total": "700.00", "original_cart": "{}", "original_cart_rental": "{\"1\": {\"7\": 1}}", "stripe_pid": "pi_1IrfdeJKlvgFF1ppv1crfpK3", "delivery_date": "2021-05-19T18:19:14.986Z"}}, {"model": "checkout.order", "pk": 45, "fields": {"order_number": "F7E34E14BACD43D8ABCF5C6EB650F556", "user_profile": 2, "full_name": "Anna Panna", "email": "anna@gmail.com", "phone_number": "083453533", "country": "SE", "postcode": "42424", "town_or_city": "stad", "street_address1": "gata 3", "street_address2": "", "order_date": "2021-05-16T08:48:22.300Z", "grand_total": "700.00", "original_cart": "{}", "original_cart_rental": "{\"1\": {\"7\": 1}}", "stripe_pid": "pi_1IrfdeJKlvgFF1ppv1crfpK3", "delivery_date": "2021-05-19T18:18:54.638Z"}}, {"model": "checkout.order", "pk": 46, "fields": {"order_number": "3C3B999E7C2F450A82670E3E24988BCD", "user_profile": 2, "full_name": "Anna Panna", "email": "anna@gmail.com", "phone_number": "083453533", "country": "SE", "postcode": "42424", "town_or_city": "stad", "street_address1": "gata 3", "street_address2": null, "order_date": "2021-05-16T09:18:45.687Z", "grand_total": "1000.00", "original_cart": "{\"3\": 2}", "original_cart_rental": "{\"1\": {\"6\": 1}}", "stripe_pid": "pi_1Irg7LJKlvgFF1pp9kPxsw7q", "delivery_date": "2021-05-19T18:41:14.367Z"}}, {"model": "checkout.order", "pk": 47, "fields": {"order_number": "60C5BF27A4A4433499BF9936403FF5CB", "user_profile": 2, "full_name": "Anna Panna", "email": "anna@gmail.com", "phone_number": "083453533", "country": "SE", "postcode": "42424", "town_or_city": "stad", "street_address1": "gata 3", "street_address2": "", "order_date": "2021-05-16T09:18:51.588Z", "grand_total": "1000.00", "original_cart": "{\"3\": 2}", "original_cart_rental": "{\"1\": {\"6\": 1}}", "stripe_pid": "pi_1Irg7LJKlvgFF1pp9kPxsw7q", "delivery_date": "2021-05-19T17:29:10.477Z"}}, {"model": "checkout.order", "pk": 48, "fields": {"order_number": "3C6C10760AF54A22BAEA0072E3812325", "user_profile": 1, "full_name": "Carina Palmqvist", "email": "carina.palmqvist@telia.com", "phone_number": "0730787021", "country": "SE", "postcode": "14265", "town_or_city": "Trångsund", "street_address1": "Schackvägen 9A", "street_address2": null, "order_date": "2021-05-16T15:45:48.871Z", "grand_total": "2680.00", "original_cart": "{\"3\": 2, \"9\": 4, \"10\": 6}", "original_cart_rental": "{\"1\": {\"3\": 9, \"7\": 1, \"8\": 2, \"9\": 2}}", "stripe_pid": "pi_1Irm9nJKlvgFF1ppH4SVuWjc", "delivery_date": "2021-05-19T17:23:29.099Z"}}, {"model": "checkout.order", "pk": 49, "fields": {"order_number": "A2E0B8D007DD49D48702F6776F302008", "user_profile": 1, "full_name": "Carina Palmqvist", "email": "carina.palmqvist@telia.com", "phone_number": "0730787021", "country": "SE", "postcode": "42424", "town_or_city": "Trångsund", "street_address1": "Schackvägen 9A", "street_address2": "", "order_date": "2021-05-16T15:45:54.761Z", "grand_total": "2680.00", "original_cart": "{\"3\": 2, \"9\": 4, \"10\": 6}", "original_cart_rental": "{\"1\": {\"3\": 9, \"7\": 1, \"8\": 2, \"9\": 2}}", "stripe_pid": "pi_1Irm9nJKlvgFF1ppH4SVuWjc", "delivery_date": "2021-05-19T17:18:25.324Z"}}, {"model": "checkout.order", "pk": 50, "fields": {"order_number": "AF27CB536ED64079A1D2909023822E12", "user_profile": null, "full_name": "Carina Palmqvist", "email": "carina.palmqvist@telia.com", "phone_number": "0730787021", "country": "SE", "postcode": "14265", "town_or_city": "Trångsund", "street_address1": "Schackvägen 9A", "street_address2": null, "order_date": "2021-05-23T15:42:01.260Z", "grand_total": "6230.00", "original_cart": "{\"2\": 11, \"3\": 1}", "original_cart_rental": "{\"3\": {\"3\": 1}, \"1\": {\"7\": 1, \"3\": 1}, \"4\": {\"9\": 2}, \"2\": {\"7\": 1}}", "stripe_pid": "pi_1IuJQxJKlvgFF1ppFEXfb3Ea", "delivery_date": null}}, {"model": "checkout.order", "pk": 51, "fields": {"order_number": "399A509039F54E3F85804849BFDEE1F4", "user_profile": null, "full_name": "Carina Palmqvist", "email": "carina.palmqvist@telia.com", "phone_number": "0730787021", "country": "SE", "postcode": "14265", "town_or_city": "Trångsund", "street_address1": "Schackvägen 9A", "street_address2": null, "order_date": "2021-05-23T15:48:24.005Z", "grand_total": "1650.00", "original_cart": "{\"2\": 2, \"11\": 3, \"10\": 4}", "original_cart_rental": "{\"5\": {\"2\": 2, \"5\": 1, \"8\": 2, \"9\": 2}}", "stripe_pid": "pi_1IuJXAJKlvgFF1ppXF40fYbw", "delivery_date": null}}, {"model": "checkout.order", "pk": 52, "fields": {"order_number": "F2CAE68A16084C639B43B575ED482BB7", "user_profile": 1, "full_name": "Carina Palmqvist", "email": "carina.palmqvist@telia.com", "phone_number": "0730787021", "country": "SE", "postcode": "14265", "town_or_city": "Trångsund", "street_address1": "Schackvägen 9A", "street_address2": null, "order_date": "2021-05-25T17:58:15.547Z", "grand_total": "3590.00", "original_cart": "{\"3\": 3}", "original_cart_rental": "{\"2\": {\"3\": 1, \"7\": 4}}", "stripe_pid": "pi_1Iv4VmJKlvgFF1ppTBqt9FI7", "delivery_date": null}}, {"model": "checkout.order", "pk": 53, "fields": {"order_number": "CDCE0F0E83E542009816430944CA3E2A", "user_profile": null, "full_name": "Carina Palmqvist", "email": "carina.palmqvist@telia.com", "phone_number": "0730787021", "country": "SE", "postcode": "14265", "town_or_city": "Trångsund", "street_address1": "Schackvägen 9A", "street_address2": null, "order_date": "2021-05-26T03:56:40.402Z", "grand_total": "1440.00", "original_cart": "{\"11\": 1, \"10\": 5}", "original_cart_rental": "{\"5\": {\"2\": 9, \"6\": 1, \"9\": 2, \"8\": 3}}", "stripe_pid": "pi_1IvDqkJKlvgFF1ppIwj75ogc", "delivery_date": null}}, {"model": "checkout.order", "pk": 54, "fields": {"order_number": "7E58A0125B054990B28E4E397B78FEE6", "user_profile": 1, "full_name": "Carina Palmqvist", "email": "carina.palmqvist@telia.com", "phone_number": "0730787021", "country": "SE", "postcode": "14265", "town_or_city": "Trångsund", "street_address1": "Schackvägen 9A", "street_address2": null, "order_date": "2021-05-26T15:23:31.145Z", "grand_total": "1250.00", "original_cart": "{\"11\": 4, \"10\": 1}", "original_cart_rental": "{\"2\": {\"2\": 3, \"6\": 1, \"8\": 7}}", "stripe_pid": "pi_1IvOZZJKlvgFF1ppaAgvnJAg", "delivery_date": null}}, {"model": "checkout.orderbuyitem", "pk": 1, "fields": {"order": 1, "product": 10, "quantity": 1, "buyitem_total": "20.00"}}, {"model": "checkout.orderbuyitem", "pk": 2, "fields": {"order": 2, "product": 10, "quantity": 1, "buyitem_total": "20.00"}}, {"model": "checkout.orderbuyitem", "pk": 3, "fields": {"order": 2, "product": 11, "quantity": 1, "buyitem_total": "50.00"}}, {"model": "checkout.orderbuyitem", "pk": 4, "fields": {"order": 2, "product": 3, "quantity": 1, "buyitem_total": "250.00"}}, {"model": "checkout.orderbuyitem", "pk": 5, "fields": {"order": 3, "product": 10, "quantity": 1, "buyitem_total": "20.00"}}, {"model": "checkout.orderbuyitem", "pk": 6, "fields": {"order": 3, "product": 11, "quantity": 1, "buyitem_total": "50.00"}}, {"model": "checkout.orderbuyitem", "pk": 7, "fields": {"order": 3, "product": 3, "quantity": 1, "buyitem_total": "250.00"}}, {"model": "checkout.orderbuyitem", "pk": 8, "fields": {"order": 4, "product": 10, "quantity": 1, "buyitem_total": "20.00"}}, {"model": "checkout.orderbuyitem", "pk": 9, "fields": {"order": 4, "product": 11, "quantity": 1, "buyitem_total": "50.00"}}, {"model": "checkout.orderbuyitem", "pk": 10, "fields": {"order": 4, "product": 3, "quantity": 1, "buyitem_total": "250.00"}}, {"model": "checkout.orderbuyitem", "pk": 11, "fields": {"order": 5, "product": 10, "quantity": 1, "buyitem_total": "20.00"}}, {"model": "checkout.orderbuyitem", "pk": 12, "fields": {"order": 5, "product": 11, "quantity": 1, "buyitem_total": "50.00"}}, {"model": "checkout.orderbuyitem", "pk": 13, "fields": {"order": 5, "product": 3, "quantity": 1, "buyitem_total": "250.00"}}, {"model": "checkout.orderbuyitem", "pk": 14, "fields": {"order": 6, "product": 10, "quantity": 1, "buyitem_total": "20.00"}}, {"model": "checkout.orderbuyitem", "pk": 15, "fields": {"order": 6, "product": 11, "quantity": 1, "buyitem_total": "50.00"}}, {"model": "checkout.orderbuyitem", "pk": 16, "fields": {"order": 6, "product": 3, "quantity": 1, "buyitem_total": "250.00"}}, {"model": "checkout.orderbuyitem", "pk": 17, "fields": {"order": 7, "product": 10, "quantity": 1, "buyitem_total": "20.00"}}, {"model": "checkout.orderbuyitem", "pk": 18, "fields": {"order": 7, "product": 11, "quantity": 1, "buyitem_total": "50.00"}}, {"model": "checkout.orderbuyitem", "pk": 19, "fields": {"order": 7, "product": 3, "quantity": 1, "buyitem_total": "250.00"}}, {"model": "checkout.orderbuyitem", "pk": 20, "fields": {"order": 8, "product": 11, "quantity": 2, "buyitem_total": "100.00"}}, {"model": "checkout.orderbuyitem", "pk": 21, "fields": {"order": 9, "product": 3, "quantity": 7, "buyitem_total": "1750.00"}}, {"model": "checkout.orderbuyitem", "pk": 22, "fields": {"order": 10, "product": 6, "quantity": 1, "buyitem_total": "2500.00"}}, {"model": "checkout.orderbuyitem", "pk": 23, "fields": {"order": 11, "product": 11, "quantity": 1, "buyitem_total": "50.00"}}, {"model": "checkout.orderbuyitem", "pk": 24, "fields": {"order": 12, "product": 3, "quantity": 2, "buyitem_total": "500.00"}}, {"model": "checkout.orderbuyitem", "pk": 25, "fields": {"order": 13, "product": 11, "quantity": 2, "buyitem_total": "100.00"}}, {"model": "checkout.orderbuyitem", "pk": 26, "fields": {"order": 13, "product": 10, "quantity": 1, "buyitem_total": "20.00"}}, {"model": "checkout.orderbuyitem", "pk": 27, "fields": {"order": 14, "product": 3, "quantity": 5, "buyitem_total": "1250.00"}}, {"model": "checkout.orderbuyitem", "pk": 28, "fields": {"order": 14, "product": 9, "quantity": 2, "buyitem_total": "400.00"}}, {"model": "checkout.orderbuyitem", "pk": 29, "fields": {"order": 17, "product": 9, "quantity": 1, "buyitem_total": "200.00"}}, {"model": "checkout.orderbuyitem", "pk": 30, "fields": {"order": 19, "product": 11, "quantity": 1, "buyitem_total": "50.00"}}, {"model": "checkout.orderbuyitem", "pk": 31, "fields": {"order": 20, "product": 11, "quantity": 1, "buyitem_total": "50.00"}}, {"model": "checkout.orderbuyitem", "pk": 32, "fields": {"order": 22, "product": 9, "quantity": 1, "buyitem_total": "200.00"}}, {"model": "checkout.orderbuyitem", "pk": 33, "fields": {"order": 25, "product": 3, "quantity": 2, "buyitem_total": "500.00"}}, {"model": "checkout.orderbuyitem", "pk": 34, "fields": {"order": 26, "product": 3, "quantity": 2, "buyitem_total": "500.00"}}, {"model": "checkout.orderbuyitem", "pk": 35, "fields": {"order": 27, "product": 11, "quantity": 2, "buyitem_total": "100.00"}}, {"model": "checkout.orderbuyitem", "pk": 36, "fields": {"order": 27, "product": 10, "quantity": 1, "buyitem_total": "20.00"}}, {"model": "checkout.orderbuyitem", "pk": 37, "fields": {"order": 28, "product": 11, "quantity": 2, "buyitem_total": "100.00"}}, {"model": "checkout.orderbuyitem", "pk": 38, "fields": {"order": 28, "product": 10, "quantity": 1, "buyitem_total": "20.00"}}, {"model": "checkout.orderbuyitem", "pk": 39, "fields": {"order": 29, "product": 10, "quantity": 1, "buyitem_total": "20.00"}}, {"model": "checkout.orderbuyitem", "pk": 40, "fields": {"order": 29, "product": 11, "quantity": 2, "buyitem_total": "100.00"}}, {"model": "checkout.orderbuyitem", "pk": 41, "fields": {"order": 30, "product": 10, "quantity": 1, "buyitem_total": "20.00"}}, {"model": "checkout.orderbuyitem", "pk": 42, "fields": {"order": 30, "product": 11, "quantity": 2, "buyitem_total": "100.00"}}, {"model": "checkout.orderbuyitem", "pk": 43, "fields": {"order": 33, "product": 3, "quantity": 1, "buyitem_total": "250.00"}}, {"model": "checkout.orderbuyitem", "pk": 44, "fields": {"order": 33, "product": 9, "quantity": 1, "buyitem_total": "200.00"}}, {"model": "checkout.orderbuyitem", "pk": 45, "fields": {"order": 34, "product": 3, "quantity": 1, "buyitem_total": "250.00"}}, {"model": "checkout.orderbuyitem", "pk": 46, "fields": {"order": 34, "product": 9, "quantity": 1, "buyitem_total": "200.00"}}, {"model": "checkout.orderbuyitem", "pk": 47, "fields": {"order": 35, "product": 11, "quantity": 2, "buyitem_total": "100.00"}}, {"model": "checkout.orderbuyitem", "pk": 48, "fields": {"order": 35, "product": 10, "quantity": 4, "buyitem_total": "80.00"}}, {"model": "checkout.orderbuyitem", "pk": 49, "fields": {"order": 36, "product": 11, "quantity": 2, "buyitem_total": "100.00"}}, {"model": "checkout.orderbuyitem", "pk": 50, "fields": {"order": 36, "product": 10, "quantity": 4, "buyitem_total": "80.00"}}, {"model": "checkout.orderbuyitem", "pk": 51, "fields": {"order": 37, "product": 3, "quantity": 6, "buyitem_total": "1500.00"}}, {"model": "checkout.orderbuyitem", "pk": 52, "fields": {"order": 38, "product": 3, "quantity": 6, "buyitem_total": "1500.00"}}, {"model": "checkout.orderbuyitem", "pk": 53, "fields": {"order": 41, "product": 3, "quantity": 1, "buyitem_total": "250.00"}}, {"model": "checkout.orderbuyitem", "pk": 54, "fields": {"order": 42, "product": 3, "quantity": 1, "buyitem_total": "250.00"}}, {"model": "checkout.orderbuyitem", "pk": 55, "fields": {"order": 43, "product": 9, "quantity": 1, "buyitem_total": "200.00"}}, {"model": "checkout.orderbuyitem", "pk": 56, "fields": {"order": 46, "product": 3, "quantity": 2, "buyitem_total": "500.00"}}, {"model": "checkout.orderbuyitem", "pk": 57, "fields": {"order": 47, "product": 3, "quantity": 2, "buyitem_total": "500.00"}}, {"model": "checkout.orderbuyitem", "pk": 58, "fields": {"order": 48, "product": 3, "quantity": 2, "buyitem_total": "500.00"}}, {"model": "checkout.orderbuyitem", "pk": 59, "fields": {"order": 48, "product": 9, "quantity": 4, "buyitem_total": "800.00"}}, {"model": "checkout.orderbuyitem", "pk": 60, "fields": {"order": 48, "product": 10, "quantity": 6, "buyitem_total": "120.00"}}, {"model": "checkout.orderbuyitem", "pk": 61, "fields": {"order": 49, "product": 3, "quantity": 2, "buyitem_total": "500.00"}}, {"model": "checkout.orderbuyitem", "pk": 62, "fields": {"order": 49, "product": 9, "quantity": 4, "buyitem_total": "800.00"}}, {"model": "checkout.orderbuyitem", "pk": 63, "fields": {"order": 49, "product": 10, "quantity": 6, "buyitem_total": "120.00"}}, {"model": "checkout.orderbuyitem", "pk": 64, "fields": {"order": 50, "product": 2, "quantity": 11, "buyitem_total": "4400.00"}}, {"model": "checkout.orderbuyitem", "pk": 65, "fields": {"order": 50, "product": 3, "quantity": 1, "buyitem_total": "250.00"}}, {"model": "checkout.orderbuyitem", "pk": 66, "fields": {"order": 51, "product": 2, "quantity": 2, "buyitem_total": "800.00"}}, {"model": "checkout.orderbuyitem", "pk": 67, "fields": {"order": 51, "product": 11, "quantity": 3, "buyitem_total": "150.00"}}, {"model": "checkout.orderbuyitem", "pk": 68, "fields": {"order": 51, "product": 10, "quantity": 4, "buyitem_total": "80.00"}}, {"model": "checkout.orderbuyitem", "pk": 69, "fields": {"order": 52, "product": 3, "quantity": 3, "buyitem_total": "750.00"}}, {"model": "checkout.orderbuyitem", "pk": 70, "fields": {"order": 53, "product": 11, "quantity": 1, "buyitem_total": "50.00"}}, {"model": "checkout.orderbuyitem", "pk": 71, "fields": {"order": 53, "product": 10, "quantity": 5, "buyitem_total": "100.00"}}, {"model": "checkout.orderbuyitem", "pk": 72, "fields": {"order": 54, "product": 11, "quantity": 4, "buyitem_total": "200.00"}}, {"model": "checkout.orderbuyitem", "pk": 73, "fields": {"order": 54, "product": 10, "quantity": 1, "buyitem_total": "20.00"}}, {"model": "checkout.orderrentalitem", "pk": 1, "fields": {"order": 2, "product": 2, "quantity": 7, "months": 1, "rentalitem_total": "420.00", "end_of_rental": null, "item_returned": null}}, {"model": "checkout.orderrentalitem", "pk": 2, "fields": {"order": 2, "product": 7, "quantity": 1, "months": 1, "rentalitem_total": "700.00", "end_of_rental": null, "item_returned": null}}, {"model": "checkout.orderrentalitem", "pk": 3, "fields": {"order": 2, "product": 9, "quantity": 1, "months": 1, "rentalitem_total": "50.00", "end_of_rental": null, "item_returned": null}}, {"model": "checkout.orderrentalitem", "pk": 4, "fields": {"order": 2, "product": 8, "quantity": 1, "months": 1, "rentalitem_total": "50.00", "end_of_rental": null, "item_returned": null}}, {"model": "checkout.orderrentalitem", "pk": 5, "fields": {"order": 3, "product": 2, "quantity": 7, "months": 1, "rentalitem_total": "420.00", "end_of_rental": null, "item_returned": null}}, {"model": "checkout.orderrentalitem", "pk": 6, "fields": {"order": 3, "product": 7, "quantity": 1, "months": 1, "rentalitem_total": "700.00", "end_of_rental": null, "item_returned": true}}, {"model": "checkout.orderrentalitem", "pk": 7, "fields": {"order": 3, "product": 9, "quantity": 1, "months": 1, "rentalitem_total": "50.00", "end_of_rental": null, "item_returned": null}}, {"model": "checkout.orderrentalitem", "pk": 8, "fields": {"order": 3, "product": 8, "quantity": 1, "months": 1, "rentalitem_total": "50.00", "end_of_rental": null, "item_returned": null}}, {"model": "checkout.orderrentalitem", "pk": 9, "fields": {"order": 4, "product": 2, "quantity": 7, "months": 1, "rentalitem_total": "420.00", "end_of_rental": null, "item_returned": true}}, {"model": "checkout.orderrentalitem", "pk": 10, "fields": {"order": 4, "product": 7, "quantity": 1, "months": 1, "rentalitem_total": "700.00", "end_of_rental": null, "item_returned": null}}, {"model": "checkout.orderrentalitem", "pk": 11, "fields": {"order": 4, "product": 9, "quantity": 1, "months": 1, "rentalitem_total": "50.00", "end_of_rental": null, "item_returned": true}}, {"model": "checkout.orderrentalitem", "pk": 12, "fields": {"order": 4, "product": 8, "quantity": 1, "months": 1, "rentalitem_total": "50.00", "end_of_rental": null, "item_returned": null}}, {"model": "checkout.orderrentalitem", "pk": 13, "fields": {"order": 5, "product": 2, "quantity": 7, "months": 1, "rentalitem_total": "420.00", "end_of_rental": null, "item_returned": null}}, {"model": "checkout.orderrentalitem", "pk": 14, "fields": {"order": 5, "product": 7, "quantity": 1, "months": 1, "rentalitem_total": "700.00", "end_of_rental": null, "item_returned": null}}, {"model": "checkout.orderrentalitem", "pk": 15, "fields": {"order": 5, "product": 9, "quantity": 1, "months": 1, "rentalitem_total": "50.00", "end_of_rental": null, "item_returned": null}}, {"model": "checkout.orderrentalitem", "pk": 16, "fields": {"order": 5, "product": 8, "quantity": 1, "months": 1, "rentalitem_total": "50.00", "end_of_rental": null, "item_returned": null}}, {"model": "checkout.orderrentalitem", "pk": 17, "fields": {"order": 6, "product": 2, "quantity": 7, "months": 1, "rentalitem_total": "420.00", "end_of_rental": null, "item_returned": null}}, {"model": "checkout.orderrentalitem", "pk": 18, "fields": {"order": 6, "product": 7, "quantity": 1, "months": 1, "rentalitem_total": "700.00", "end_of_rental": null, "item_returned": null}}, {"model": "checkout.orderrentalitem", "pk": 19, "fields": {"order": 6, "product": 9, "quantity": 1, "months": 1, "rentalitem_total": "50.00", "end_of_rental": null, "item_returned": null}}, {"model": "checkout.orderrentalitem", "pk": 20, "fields": {"order": 6, "product": 8, "quantity": 1, "months": 1, "rentalitem_total": "50.00", "end_of_rental": null, "item_returned": null}}, {"model": "checkout.orderrentalitem", "pk": 21, "fields": {"order": 7, "product": 2, "quantity": 7, "months": 1, "rentalitem_total": "420.00", "end_of_rental": null, "item_returned": null}}, {"model": "checkout.orderrentalitem", "pk": 22, "fields": {"order": 7, "product": 7, "quantity": 1, "months": 1, "rentalitem_total": "700.00", "end_of_rental": null, "item_returned": null}}, {"model": "checkout.orderrentalitem", "pk": 23, "fields": {"order": 7, "product": 9, "quantity": 1, "months": 1, "rentalitem_total": "50.00", "end_of_rental": null, "item_returned": null}}, {"model": "checkout.orderrentalitem", "pk": 24, "fields": {"order": 7, "product": 8, "quantity": 1, "months": 1, "rentalitem_total": "50.00", "end_of_rental": null, "item_returned": null}}, {"model": "checkout.orderrentalitem", "pk": 25, "fields": {"order": 9, "product": 1, "quantity": 5, "months": 1, "rentalitem_total": "250.00", "end_of_rental": null, "item_returned": null}}, {"model": "checkout.orderrentalitem", "pk": 26, "fields": {"order": 9, "product": 7, "quantity": 1, "months": 1, "rentalitem_total": "700.00", "end_of_rental": null, "item_returned": null}}, {"model": "checkout.orderrentalitem", "pk": 27, "fields": {"order": 9, "product": 9, "quantity": 1, "months": 1, "rentalitem_total": "50.00", "end_of_rental": null, "item_returned": null}}, {"model": "checkout.orderrentalitem", "pk": 28, "fields": {"order": 10, "product": 1, "quantity": 1, "months": 1, "rentalitem_total": "50.00", "end_of_rental": "2021-06-21T15:59:28.657Z", "item_returned": null}}, {"model": "checkout.orderrentalitem", "pk": 29, "fields": {"order": 10, "product": 9, "quantity": 1, "months": 1, "rentalitem_total": "50.00", "end_of_rental": "2021-06-21T15:59:28.703Z", "item_returned": null}}, {"model": "checkout.orderrentalitem", "pk": 30, "fields": {"order": 10, "product": 8, "quantity": 1, "months": 1, "rentalitem_total": "50.00", "end_of_rental": "2021-06-21T15:59:28.758Z", "item_returned": null}}, {"model": "checkout.orderrentalitem", "pk": 31, "fields": {"order": 11, "product": 2, "quantity": 5, "months": 1, "rentalitem_total": "300.00", "end_of_rental": null, "item_returned": null}}, {"model": "checkout.orderrentalitem", "pk": 32, "fields": {"order": 13, "product": 2, "quantity": 6, "months": 1, "rentalitem_total": "360.00", "end_of_rental": null, "item_returned": null}}, {"model": "checkout.orderrentalitem", "pk": 33, "fields": {"order": 13, "product": 6, "quantity": 1, "months": 1, "rentalitem_total": "500.00", "end_of_rental": null, "item_returned": null}}, {"model": "checkout.orderrentalitem", "pk": 34, "fields": {"order": 13, "product": 9, "quantity": 1, "months": 1, "rentalitem_total": "50.00", "end_of_rental": null, "item_returned": null}}, {"model": "checkout.orderrentalitem", "pk": 35, "fields": {"order": 13, "product": 8, "quantity": 2, "months": 1, "rentalitem_total": "100.00", "end_of_rental": null, "item_returned": null}}, {"model": "checkout.orderrentalitem", "pk": 36, "fields": {"order": 17, "product": 2, "quantity": 3, "months": 1, "rentalitem_total": "180.00", "end_of_rental": null, "item_returned": null}}, {"model": "checkout.orderrentalitem", "pk": 37, "fields": {"order": 19, "product": 2, "quantity": 3, "months": 1, "rentalitem_total": "180.00", "end_of_rental": null, "item_returned": null}}, {"model": "checkout.orderrentalitem", "pk": 38, "fields": {"order": 19, "product": 6, "quantity": 1, "months": 1, "rentalitem_total": "500.00", "end_of_rental": null, "item_returned": null}}, {"model": "checkout.orderrentalitem", "pk": 39, "fields": {"order": 20, "product": 2, "quantity": 3, "months": 1, "rentalitem_total": "180.00", "end_of_rental": "2021-05-19T19:08:12.662Z", "item_returned": true}}, {"model": "checkout.orderrentalitem", "pk": 40, "fields": {"order": 20, "product": 6, "quantity": 1, "months": 1, "rentalitem_total": "500.00", "end_of_rental": "2021-05-19T19:08:12.719Z", "item_returned": null}}, {"model": "checkout.orderrentalitem", "pk": 41, "fields": {"order": 21, "product": 7, "quantity": 1, "months": 2, "rentalitem_total": "700.00", "end_of_rental": "2021-07-19T19:22:46.191Z", "item_returned": null}}, {"model": "checkout.orderrentalitem", "pk": 42, "fields": {"order": 22, "product": 2, "quantity": 3, "months": 1, "rentalitem_total": "180.00", "end_of_rental": "2021-06-19T19:30:37.119Z", "item_returned": true}}, {"model": "checkout.orderrentalitem", "pk": 43, "fields": {"order": 23, "product": 7, "quantity": 1, "months": 2, "rentalitem_total": "700.00", "end_of_rental": null, "item_returned": null}}, {"model": "checkout.orderrentalitem", "pk": 44, "fields": {"order": 24, "product": 7, "quantity": 1, "months": 2, "rentalitem_total": "700.00", "end_of_rental": null, "item_returned": null}}, {"model": "checkout.orderrentalitem", "pk": 45, "fields": {"order": 25, "product": 7, "quantity": 1, "months": 1, "rentalitem_total": "700.00", "end_of_rental": null, "item_returned": null}}, {"model": "checkout.orderrentalitem", "pk": 46, "fields": {"order": 26, "product": 7, "quantity": 1, "months": 1, "rentalitem_total": "700.00", "end_of_rental": null, "item_returned": null}}, {"model": "checkout.orderrentalitem", "pk": 47, "fields": {"order": 27, "product": 2, "quantity": 1, "months": 3, "rentalitem_total": "60.00", "end_of_rental": null, "item_returned": null}}, {"model": "checkout.orderrentalitem", "pk": 48, "fields": {"order": 27, "product": 7, "quantity": 1, "months": 3, "rentalitem_total": "700.00", "end_of_rental": null, "item_returned": null}}, {"model": "checkout.orderrentalitem", "pk": 49, "fields": {"order": 27, "product": 8, "quantity": 2, "months": 3, "rentalitem_total": "100.00", "end_of_rental": null, "item_returned": null}}, {"model": "checkout.orderrentalitem", "pk": 50, "fields": {"order": 28, "product": 2, "quantity": 1, "months": 3, "rentalitem_total": "60.00", "end_of_rental": null, "item_returned": null}}, {"model": "checkout.orderrentalitem", "pk": 51, "fields": {"order": 28, "product": 7, "quantity": 1, "months": 3, "rentalitem_total": "700.00", "end_of_rental": null, "item_returned": null}}, {"model": "checkout.orderrentalitem", "pk": 52, "fields": {"order": 28, "product": 8, "quantity": 2, "months": 3, "rentalitem_total": "100.00", "end_of_rental": null, "item_returned": null}}, {"model": "checkout.orderrentalitem", "pk": 53, "fields": {"order": 29, "product": 1, "quantity": 10, "months": 1, "rentalitem_total": "500.00", "end_of_rental": null, "item_returned": null}}, {"model": "checkout.orderrentalitem", "pk": 54, "fields": {"order": 29, "product": 6, "quantity": 1, "months": 1, "rentalitem_total": "500.00", "end_of_rental": null, "item_returned": null}}, {"model": "checkout.orderrentalitem", "pk": 55, "fields": {"order": 29, "product": 9, "quantity": 2, "months": 1, "rentalitem_total": "100.00", "end_of_rental": null, "item_returned": null}}, {"model": "checkout.orderrentalitem", "pk": 56, "fields": {"order": 29, "product": 8, "quantity": 2, "months": 1, "rentalitem_total": "100.00", "end_of_rental": null, "item_returned": null}}, {"model": "checkout.orderrentalitem", "pk": 57, "fields": {"order": 30, "product": 1, "quantity": 10, "months": 1, "rentalitem_total": "500.00", "end_of_rental": null, "item_returned": null}}, {"model": "checkout.orderrentalitem", "pk": 58, "fields": {"order": 30, "product": 6, "quantity": 1, "months": 1, "rentalitem_total": "500.00", "end_of_rental": null, "item_returned": null}}, {"model": "checkout.orderrentalitem", "pk": 59, "fields": {"order": 30, "product": 9, "quantity": 2, "months": 1, "rentalitem_total": "100.00", "end_of_rental": null, "item_returned": null}}, {"model": "checkout.orderrentalitem", "pk": 60, "fields": {"order": 30, "product": 8, "quantity": 2, "months": 1, "rentalitem_total": "100.00", "end_of_rental": null, "item_returned": null}}, {"model": "checkout.orderrentalitem", "pk": 61, "fields": {"order": 31, "product": 2, "quantity": 8, "months": 1, "rentalitem_total": "480.00", "end_of_rental": "2021-06-19T19:32:28.183Z", "item_returned": null}}, {"model": "checkout.orderrentalitem", "pk": 62, "fields": {"order": 32, "product": 2, "quantity": 8, "months": 1, "rentalitem_total": "480.00", "end_of_rental": null, "item_returned": null}}, {"model": "checkout.orderrentalitem", "pk": 63, "fields": {"order": 35, "product": 2, "quantity": 4, "months": 1, "rentalitem_total": "240.00", "end_of_rental": "2021-06-19T19:20:01.525Z", "item_returned": null}}, {"model": "checkout.orderrentalitem", "pk": 64, "fields": {"order": 35, "product": 5, "quantity": 1, "months": 1, "rentalitem_total": "300.00", "end_of_rental": "2021-06-19T19:20:01.586Z", "item_returned": null}}, {"model": "checkout.orderrentalitem", "pk": 65, "fields": {"order": 36, "product": 2, "quantity": 4, "months": 1, "rentalitem_total": "240.00", "end_of_rental": null, "item_returned": null}}, {"model": "checkout.orderrentalitem", "pk": 66, "fields": {"order": 36, "product": 5, "quantity": 1, "months": 1, "rentalitem_total": "300.00", "end_of_rental": null, "item_returned": null}}, {"model": "checkout.orderrentalitem", "pk": 67, "fields": {"order": 39, "product": 2, "quantity": 2, "months": 1, "rentalitem_total": "120.00", "end_of_rental": null, "item_returned": null}}, {"model": "checkout.orderrentalitem", "pk": 68, "fields": {"order": 40, "product": 2, "quantity": 2, "months": 1, "rentalitem_total": "120.00", "end_of_rental": null, "item_returned": null}}, {"model": "checkout.orderrentalitem", "pk": 69, "fields": {"order": 41, "product": 6, "quantity": 1, "months": 5, "rentalitem_total": "500.00", "end_of_rental": null, "item_returned": null}}, {"model": "checkout.orderrentalitem", "pk": 70, "fields": {"order": 42, "product": 6, "quantity": 1, "months": 5, "rentalitem_total": "500.00", "end_of_rental": null, "item_returned": null}}, {"model": "checkout.orderrentalitem", "pk": 71, "fields": {"order": 44, "product": 7, "quantity": 1, "months": 1, "rentalitem_total": "700.00", "end_of_rental": null, "item_returned": null}}, {"model": "checkout.orderrentalitem", "pk": 72, "fields": {"order": 45, "product": 7, "quantity": 1, "months": 1, "rentalitem_total": "700.00", "end_of_rental": null, "item_returned": null}}, {"model": "checkout.orderrentalitem", "pk": 73, "fields": {"order": 46, "product": 6, "quantity": 1, "months": 1, "rentalitem_total": "500.00", "end_of_rental": null, "item_returned": null}}, {"model": "checkout.orderrentalitem", "pk": 74, "fields": {"order": 47, "product": 6, "quantity": 1, "months": 1, "rentalitem_total": "500.00", "end_of_rental": null, "item_returned": null}}, {"model": "checkout.orderrentalitem", "pk": 75, "fields": {"order": 48, "product": 3, "quantity": 9, "months": 1, "rentalitem_total": "360.00", "end_of_rental": null, "item_returned": null}}, {"model": "checkout.orderrentalitem", "pk": 76, "fields": {"order": 48, "product": 7, "quantity": 1, "months": 1, "rentalitem_total": "700.00", "end_of_rental": null, "item_returned": null}}, {"model": "checkout.orderrentalitem", "pk": 77, "fields": {"order": 48, "product": 8, "quantity": 2, "months": 1, "rentalitem_total": "100.00", "end_of_rental": null, "item_returned": null}}, {"model": "checkout.orderrentalitem", "pk": 78, "fields": {"order": 48, "product": 9, "quantity": 2, "months": 1, "rentalitem_total": "100.00", "end_of_rental": null, "item_returned": null}}, {"model": "checkout.orderrentalitem", "pk": 79, "fields": {"order": 49, "product": 3, "quantity": 9, "months": 1, "rentalitem_total": "360.00", "end_of_rental": null, "item_returned": null}}, {"model": "checkout.orderrentalitem", "pk": 80, "fields": {"order": 49, "product": 7, "quantity": 1, "months": 1, "rentalitem_total": "700.00", "end_of_rental": null, "item_returned": null}}, {"model": "checkout.orderrentalitem", "pk": 81, "fields": {"order": 49, "product": 8, "quantity": 2, "months": 1, "rentalitem_total": "100.00", "end_of_rental": null, "item_returned": null}}, {"model": "checkout.orderrentalitem", "pk": 82, "fields": {"order": 49, "product": 9, "quantity": 2, "months": 1, "rentalitem_total": "100.00", "end_of_rental": null, "item_returned": null}}, {"model": "checkout.orderrentalitem", "pk": 83, "fields": {"order": 50, "product": 3, "quantity": 1, "months": 3, "rentalitem_total": "40.00", "end_of_rental": null, "item_returned": false}}, {"model": "checkout.orderrentalitem", "pk": 84, "fields": {"order": 50, "product": 7, "quantity": 1, "months": 1, "rentalitem_total": "700.00", "end_of_rental": null, "item_returned": false}}, {"model": "checkout.orderrentalitem", "pk": 85, "fields": {"order": 50, "product": 3, "quantity": 1, "months": 1, "rentalitem_total": "40.00", "end_of_rental": null, "item_returned": false}}, {"model": "checkout.orderrentalitem", "pk": 86, "fields": {"order": 50, "product": 9, "quantity": 2, "months": 4, "rentalitem_total": "100.00", "end_of_rental": null, "item_returned": false}}, {"model": "checkout.orderrentalitem", "pk": 87, "fields": {"order": 50, "product": 7, "quantity": 1, "months": 2, "rentalitem_total": "700.00", "end_of_rental": null, "item_returned": false}}, {"model": "checkout.orderrentalitem", "pk": 88, "fields": {"order": 51, "product": 2, "quantity": 2, "months": 5, "rentalitem_total": "120.00", "end_of_rental": null, "item_returned": false}}, {"model": "checkout.orderrentalitem", "pk": 89, "fields": {"order": 51, "product": 5, "quantity": 1, "months": 5, "rentalitem_total": "300.00", "end_of_rental": null, "item_returned": false}}, {"model": "checkout.orderrentalitem", "pk": 90, "fields": {"order": 51, "product": 8, "quantity": 2, "months": 5, "rentalitem_total": "100.00", "end_of_rental": null, "item_returned": false}}, {"model": "checkout.orderrentalitem", "pk": 91, "fields": {"order": 51, "product": 9, "quantity": 2, "months": 5, "rentalitem_total": "100.00", "end_of_rental": null, "item_returned": false}}, {"model": "checkout.orderrentalitem", "pk": 92, "fields": {"order": 52, "product": 3, "quantity": 1, "months": 2, "rentalitem_total": "40.00", "end_of_rental": null, "item_returned": false}}, {"model": "checkout.orderrentalitem", "pk": 93, "fields": {"order": 52, "product": 7, "quantity": 4, "months": 2, "rentalitem_total": "2800.00", "end_of_rental": null, "item_returned": false}}, {"model": "checkout.orderrentalitem", "pk": 94, "fields": {"order": 53, "product": 2, "quantity": 9, "months": 5, "rentalitem_total": "540.00", "end_of_rental": null, "item_returned": false}}, {"model": "checkout.orderrentalitem", "pk": 95, "fields": {"order": 53, "product": 6, "quantity": 1, "months": 5, "rentalitem_total": "500.00", "end_of_rental": null, "item_returned": false}}, {"model": "checkout.orderrentalitem", "pk": 96, "fields": {"order": 53, "product": 9, "quantity": 2, "months": 5, "rentalitem_total": "100.00", "end_of_rental": null, "item_returned": false}}, {"model": "checkout.orderrentalitem", "pk": 97, "fields": {"order": 53, "product": 8, "quantity": 3, "months": 5, "rentalitem_total": "150.00", "end_of_rental": null, "item_returned": false}}, {"model": "checkout.orderrentalitem", "pk": 98, "fields": {"order": 54, "product": 2, "quantity": 3, "months": 2, "rentalitem_total": "180.00", "end_of_rental": null, "item_returned": false}}, {"model": "checkout.orderrentalitem", "pk": 99, "fields": {"order": 54, "product": 6, "quantity": 1, "months": 2, "rentalitem_total": "500.00", "end_of_rental": null, "item_returned": false}}, {"model": "checkout.orderrentalitem", "pk": 100, "fields": {"order": 54, "product": 8, "quantity": 7, "months": 2, "rentalitem_total": "350.00", "end_of_rental": null, "item_returned": false}}, {"model": "profiles.userprofile", "pk": 1, "fields": {"user": 1, "default_phone_number": "0730787021", "default_street_address1": "Schackvägen 9A", "default_street_address2": "", "default_town_or_city": "Trångsund", "default_postcode": "14265", "default_country": "SE"}}, {"model": "profiles.userprofile", "pk": 2, "fields": {"user": 3, "default_phone_number": "083453533", "default_street_address1": "gata 3", "default_street_address2": "", "default_town_or_city": "stad", "default_postcode": "42424", "default_country": "SE"}}]